Date,Open
0,16.0098
1,16.029301
2,16.205
3,15.9121
4,15.8536
5,15.7755
6,14.7251
7,14.4478
8,14.2135
9,14.9164
10,14.6079
11,14.4478
12,14.4478
13,13.5927
14,13.374
15,13.3662
16,13.5966
17,12.8625
18,12.5032
19,12.364575
20,11.9487
21,13.3545
22,13.9793
23,13.6669
24,14.7407
25,16.790701000000002
26,17.6537
27,14.9203
28,16.2519
29,18.118401000000002
30,18.0403
31,17.1812
32,18.8603
33,17.9622
34,17.806
35,18.118401000000002
36,17.9622
37,17.6888505
38,17.415501000000003
39,17.8841
40,17.9231
41,17.8685
42,17.903601000000002
43,17.493601
44,16.673599
45,16.712601
46,16.732149999999997
47,16.751699
48,17.290501000000003
49,16.986
50,16.868799
51,17.1422
52,17.571699
53,17.7279
54,17.645901000000002
55,16.9821
56,16.3221
57,16.16595
58,16.0098
59,16.1621
60,16.005899
61,15.6193
62,16.166
63,16.205
64,16.353399
65,16.224501
66,16.3417
67,16.716499
68,16.3221
69,16.36605
70,16.4979
71,16.7712
72,16.790701000000002
73,16.4198
74,16.4042
75,17.1812
76,17.3374
77,17.806
78,18.625999
79,19.2117
80,19.367901
81,18.395599
82,19.2976
83,20.070801
84,18.8993
85,18.8993
86,18.8993
87,20.8517
88,20.6175
89,20.613501
90,19.8365
91,19.153098999999997
92,19.0555
93,19.153098999999997
94,18.586901
95,19.094601
96,19.2117
97,19.4655
98,20.0513
99,19.524099
100,19.289801
101,18.8134
102,19.0555
103,18.8368
104,18.985201
105,18.821199
106,18.0403
107,18.200398999999997
108,18.9774
109,18.762698999999998
110,18.9774
111,19.520201
112,19.1336
113,19.0516
114,18.829
115,19.0165
116,18.821199
117,19.0555
118,19.0165
119,19.0555
120,19.231199
121,18.821199
122,18.4307
123,17.7279
124,17.798201000000002
125,17.267098999999998
126,17.3374
127,17.0016
128,16.4198
129,17.025
130,16.482201
131,16.314301
132,15.7364
133,14.6236
134,14.975
135,14.9125
136,14.6079
137,13.5107
138,13.9402
139,13.7059
140,13.1983
141,15.6193
142,16.3221
143,17.4897
144,18.2316
145,18.3526
146,19.367901
147,18.3566
148,16.853201000000002
149,16.166
150,16.4666
151,16.33
152,16.243999
153,17.021099
154,16.337799
155,16.134701
156,15.8536
157,16.1464
158,16.548599
159,16.150299
160,16.3221
161,16.205
162,16.060499
163,16.0936995
164,16.1269
165,16.0488
166,15.2483
167,15.9941
168,16.868799
169,16.4783
170,16.517401
171,16.3221
172,16.243999
173,16.7087
174,16.4862
175,16.564301
176,16.669701
177,16.107401
178,16.2792
179,16.521299
180,16.314301
181,16.1777
182,16.017599
183,15.7755
184,15.8497
185,15.5451
186,15.0765
187,15.2288
188,16.084
189,15.4319
190,15.3108
191,15.2288
192,15.4553
193,15.3225
194,15.1468
195,14.604
196,14.9945
197,15.014050000000001
198,15.0336
199,14.8969
200,14.9281
201,14.5337
202,14.8383
203,14.8149
204,15.3264
205,15.0921
206,14.6938
207,14.9984
208,14.647
209,15.1897
210,15.292225
211,15.3264
212,16.5721
213,16.7868
214,16.396299
215,16.790701000000002
216,16.443199
217,16.2088995
218,15.9746
219,15.8887
220,15.2288
221,14.6938
222,14.1472
223,14.4791
224,14.565
225,14.2721
226,14.242799999999999
227,14.2135
228,14.5259
229,14.3424
230,14.6431
231,15.0062
232,14.7993
233,14.2565
234,13.8777
235,13.8426
236,14.8071
237,14.2916
238,14.2135
239,14.2057
240,14.0769
241,14.0574
242,14.1355
243,13.909
244,14.3502
245,14.2135
246,14.2135
247,14.0925
248,15.1507
249,14.6118
250,14.7837
251,15.1897
252,15.2288
253,15.1897
254,15.4319
255,16.005899
256,15.6505
257,15.7911
258,15.9317
259,16.0371198
260,16.3533792
261,16.458799
262,16.3612
263,17.177298999999998
264,16.5994
265,17.025
266,16.7985
267,17.3335
268,17.083599
269,17.4545
270,17.1812
271,17.493601
272,18.3526
273,20.6682
274,18.196501
275,19.0555
276,18.2355
277,18.5089
278,19.0946
279,19.6803
280,20.695601
281,21.378901000000003
282,22.4918
283,21.0079
284,20.972799
285,20.266001
286,19.7271
287,21.203198999999998
288,20.543301
289,20.968901000000002
290,21.378901000000003
291,21.1602
292,21.4765
293,21.2617
294,21.242201
295,21.6717
296,21.5156
297,21.0938
298,21.242201
299,20.9298
300,20.6409
301,19.9146
302,20.2973
303,20.7034
304,22.7456
305,23.9834
306,23.9366
307,24.8347
308,23.358601
309,23.26685075
310,22.9916
311,22.179399
312,21.9373
313,21.9802
314,21.242201
315,22.0193
316,22.218398999999998
317,22.9564
318,21.906
319,22.4918
320,22.65282425
321,22.706498999999997
322,22.784599
323,22.687
324,22.31017525
325,21.179701
326,18.926701
327,21.078198999999998
328,20.769699
329,20.6096
330,20.754101000000002
331,20.9942505
332,21.2344
333,21.125099
334,20.070801
335,20.700424499999997
336,20.910299
337,20.9590995
338,21.0079
339,21.25195
340,21.9841
341,23.897499
342,24.2099
343,24.042
344,23.6593
345,23.819401
346,23.745199
347,24.4051
348,24.1903495
349,23.975599
350,23.5226
351,23.4289
352,23.741301
353,23.499201
354,23.624201
355,23.507
356,22.843201
357,22.8666
358,22.9799
359,22.921301
360,23.272699
361,23.2141
362,23.194599
363,22.8901
364,22.569901
365,22.589399
366,22.5933
367,22.3356
368,22.0154
369,23.120399
370,23.702299
371,23.819401
372,23.897499
373,23.928698999999998
374,24.3661
375,23.897499
376,24.3661
377,24.795601
378,24.7878
379,25.4594
380,25.0611
381,24.9128
382,25.4594
383,25.068899
384,27.025299
385,28.388
386,28.505198999999998
387,29.598499
388,28.759001
389,29.426701
390,28.505198999999998
391,29.051901
392,28.930799
393,28.759001
394,28.6028
395,27.9585
396,28.079598999999998
397,28.427099
398,28.7395
399,28.302099
400,27.810101
401,27.236099
402,27.568001000000002
403,27.4118
404,27.294674999999998
405,26.9433
406,27.0994
407,27.1775
408,28.349001
409,27.568001000000002
410,27.489901
411,27.4118
412,27.8687
413,27.6656
414,28.1889
415,28.505198999999998
416,28.427099
417,29.208
418,28.2826
419,28.9035
420,29.051901
421,29.6259
422,29.200198999999998
423,29.169001
424,29.13875075
425,29.048
426,28.579399
427,28.3099
428,28.657498999999998
429,27.997601
430,26.9979
431,26.630899
432,27.4821
433,26.9706
434,26.4044
435,25.8304
436,26.552799
437,26.9042
438,26.4825
439,26.9823
440,26.709
441,27.005699
442,26.720699
443,26.826099
444,26.974501
445,26.915899
446,26.955
447,27.5016
448,27.1775
449,27.173599
450,27.0448
451,26.248199
452,26.7871
453,26.474701
454,27.2556
455,27.802298999999998
456,27.9468
457,28.192801
458,28.224525874999998
459,28.25625075
460,28.351425374999998
461,28.38315025
462,28.414875125000002
463,28.4466
464,30.1999
465,33.573601000000004
466,33.425301
467,31.3713
468,31.625099
469,31.7071
470,31.6329
471,32.097599
472,32.331902
473,32.253799
474,31.629
475,59.493801
476,58.900299
477,54.4879
478,58.1115
479,57.76007475
480,56.705799
481,56.541801
482,28.7395
483,28.427099
484,27.810101
485,27.739798999999998
486,27.193199
487,27.325899
488,26.271601
489,26.16032575
490,25.8265
491,26.0061
492,25.4282
493,24.373898999999998
494,24.0693
495,24.053698999999998
496,23.038401
497,24.8347
498,25.4594
499,25.9436
500,24.537901
501,25.037701000000002
502,24.819
503,24.6394
504,25.0065
505,25.631201
506,26.2404
507,24.0693
508,24.061501
509,24.506701
510,23.4524
511,24.2099
512,24.678499
513,24.631598999999998
514,24.4207
515,25.295401000000002
516,25.5219
517,25.498501
518,25.4789505
519,25.4594
520,26.0061
521,26.630899
522,25.771798999999998
523,26.060801
524,26.552799
525,26.5762
526,26.7558
527,26.990101
528,26.8964
529,26.107599
530,25.475
531,24.4051
532,25.3813
533,24.0224
534,24.569098999999998
535,24.444201
536,25.271998999999997
537,24.8347
538,24.7409
539,24.288
540,24.217724999999998
541,24.1943
542,23.4445
543,23.038401
544,23.4758
545,24.2099
546,24.5613
547,24.9128
548,24.053698999999998
549,24.4286
550,24.4988
551,24.6082
552,24.4286
553,23.741301
554,23.421101
555,23.6436995
556,23.717899
557,23.6007
558,23.5382
559,23.959999
560,23.6007
561,23.9522
562,24.1318
563,24.5769
564,24.6238
565,25.115801
566,26.0061
567,25.3188
568,25.849899
569,25.9436
570,26.0373
571,28.270901000000002
572,27.8258
573,26.8652
574,26.822225000000003
575,26.6933
576,27.450899
577,27.8804
578,28.013201000000002
579,27.388399
580,27.8804
581,28.7395
582,28.349001
583,28.716
584,27.9741
585,28.3256
586,27.5446
587,27.724199
588,28.6614
589,28.349001
590,29.0128
591,28.8176
592,29.1612005
593,29.504801
594,31.082399
595,30.004601
596,30.2701505
597,30.5357
598,31.0355
599,30.441999
600,31.1917
601,31.004299
602,31.5509
603,30.7544
604,29.871901
605,29.965598999999997
606,29.3643
607,30.441999
608,29.6063
609,29.721500250000002
610,30.067101
611,30.379499
612,30.441999
613,30.071049499999997
614,29.7001
615,29.6063
616,29.7391
617,28.8957
618,26.9433
619,28.184998999999998
620,27.872601
621,27.9741
622,28.302099
623,28.7395
624,28.349001
625,28.0366
626,28.427099
627,28.270901000000002
628,26.9589
629,25.9046
630,26.396601
631,25.927999
632,24.9909
633,26.0842
634,25.3267
635,24.9128
636,24.444201
637,24.288
638,23.1322
639,23.8116
640,23.632
641,22.648001
642,23.1556
643,24.288
644,22.983801
645,21.882601
646,21.6327
647,22.179399
648,22.569901
649,22.9603
650,22.4137
651,22.9447
652,22.023198999999998
653,22.163798999999997
654,22.249701
655,22.0154
656,22.4683
657,22.8041
658,22.8822
659,22.9447
660,23.4445
661,22.9603
662,23.5851
663,23.241501
664,23.5851
665,23.6476
666,22.8354
667,22.2575
668,22.07
669,21.1563
670,21.086
671,20.445601
672,21.086
673,21.6952
674,21.3906
675,21.0938
676,20.648701000000003
677,20.6175
678,20.8517
679,20.4613
680,20.266001
681,19.766199
682,19.0555
683,19.0555
684,19.2117
685,19.0399
686,18.7041
687,17.9466
688,17.3062
689,18.4776
690,18.0793
691,17.9622
692,18.11055
693,18.2589
694,17.6576
695,16.868799
696,16.697001
697,16.5564
698,16.3221
699,16.7048
700,18.2589
701,18.3839
702,18.571301000000002
703,18.3605
704,18.586901
705,18.4776
706,19.125799
707,19.1336
708,18.696301000000002
709,18.743099
710,18.883699
711,19.188299
712,19.1336
713,19.352301
714,19.570999
715,19.8911
716,19.5944
717,18.821199
718,18.7602994
719,18.699399800000002
720,18.516701
721,16.868799
722,17.3374
723,18.0403
724,17.025
725,17.415501000000003
726,16.611099
727,16.493999
728,16.884399
729,16.7283
730,16.822001
731,16.493999
732,16.2596995
733,16.0254
734,16.6423
735,16.853201000000002
736,18.274599
737,18.4464
738,17.6185
739,17.571699
740,17.1968
741,17.2593
742,17.22025
743,17.1812
744,17.4077
745,18.743099
746,19.118
747,19.367901
748,18.586901
749,19.5632
750,18.9228
751,18.422898999999997
752,18.821199
753,18.9228
754,18.5947
755,18.586901
756,18.4307
757,18.274550500000004
758,18.118401000000002
759,17.7045
760,17.2125
761,17.446699
762,17.681
763,17.681
764,17.4858
765,17.7201
766,18.0403
767,18.3995
768,18.6026
769,18.758801000000002
770,18.696301000000002
771,18.3526
772,18.0247
773,17.571699
774,17.4858
775,17.844998999999998
776,18.243299
777,18.743099
778,18.134001
779,18.208175750000002
780,18.4307
781,18.8134
782,18.946199
783,19.1805
784,18.743099
785,19.2117
786,19.328899
787,19.5632
788,19.4382
789,20.7736
790,22.8041
791,22.296499
792,22.4137
793,20.9923
794,21.5546
795,21.382799
796,20.8517
797,20.617449999999998
798,20.3832
799,20.9298
800,20.7736
801,20.9883995
802,21.203198999999998
803,21.164101000000002
804,21.0079
805,20.5394
806,19.992701
807,19.9146
808,20.2192
809,19.6178
810,19.0555
811,18.4464
812,18.821199
813,19.289801
814,19.1336
815,19.0711
816,18.500999
817,18.868099
818,19.2117
819,20.9923
820,22.32
821,20.391001
822,21.7108
823,21.882601
824,21.9373
825,22.648001
826,23.0306505
827,23.4133
828,24.1318
829,23.991198999999998
830,24.2099
831,23.8428
832,23.702299
833,22.507401
834,21.8123
835,21.6483
836,21.6171
837,21.164101000000002
838,20.6175
839,20.8517
840,20.4769
841,20.055099
842,20.2348
843,19.8365
844,19.2976
845,18.864175
846,18.7197
847,20.148899
848,20.445601
849,20.254275749999998
850,19.6803
851,18.586901
852,19.5632
853,19.6334
854,19.383499
855,18.743099
856,18.633801000000002
857,18.3800005
858,18.1262
859,18.4307
860,19.203899
861,20.3363
862,20.719
863,20.3363
864,19.8755
865,19.0555
866,18.8681
867,18.6807
868,19.4069
869,21.1485
870,21.3125
871,21.078198999999998
872,22.3356
873,23.0853
874,23.991198999999998
875,24.1943
876,24.2099
877,26.396601
878,25.615601
879,26.591801
880,28.130301
881,28.427099
882,28.427099
883,28.5989
884,27.9585
885,25.654699
886,26.2404
887,26.709
888,25.3423
889,24.444201
890,25.100201000000002
891,26.256001
892,26.318501
893,27.6383
894,28.5833
895,28.5833
896,28.1147
897,29.6766
898,29.489201
899,29.551701
900,28.0991
901,27.4977
902,27.630501000000002
903,28.7707
904,28.887898999999997
905,28.8176
906,29.622
907,29.3799
908,28.130301
909,28.411501
910,27.927298999999998
911,27.802298999999998
912,27.568001000000002
913,27.677401
914,27.403999
915,28.380198999999998
916,28.9972
917,29.3643
918,28.8957
919,28.130301
920,28.5599
921,29.3643
922,30.1374
923,30.5357
924,29.231501
925,29.184601
926,28.591101000000002
927,27.802298999999998
928,28.4037
929,28.1537
930,27.7164
931,26.8339
932,26.9354
933,27.630501000000002
934,27.7945
935,27.8179
936,27.3337
937,27.5368
938,28.1147
939,27.950701000000002
940,27.614901
941,27.489901
942,26.709
943,26.6465
944,26.6933
945,26.2248
946,26.763599
947,27.2556
948,27.568001000000002
949,27.1775
950,27.802298999999998
951,29.169001
952,29.582898999999998
953,28.5833
954,28.427099
955,29.0362
956,29.325198999999998
957,30.527901
958,29.247101
959,28.638
960,28.8957
961,29.051901
962,29.083099
963,29.8172
964,31.1292
965,31.09409925
966,31.082399
967,30.723101
968,29.762501
969,29.004998999999998
970,29.6688
971,29.0597
972,29.051901
973,29.3486
974,30.816799
975,33.253399
976,33.136299
977,35.7682
978,37.431599
979,37.4394
980,37.330101
981,35.854099
982,37.1427
983,37.275397999999996
984,39.001301
985,37.783001
986,37.330101
987,34.674801
988,37.9548
989,37.822102
990,36.8615
991,37.48625
992,38.111
993,40.750702000000004
994,40.7351
995,41.1959
996,40.235298
997,40.375801
998,39.3606
999,37.9548
1000,36.720901
1001,33.581501
1002,37.548801
1003,34.963799
1004,35.299599
1005,36.00242325
1006,36.236698
1007,36.064899
1008,36.8615
1009,36.6819
1010,36.471001
1011,35.7682
1012,35.830601
1013,35.612
1014,34.987202
1015,34.854401
1016,35.1394505
1017,35.4245
1018,35.908699
1019,36.072701
1020,35.299599
1021,34.745098
1022,34.799801
1023,34.831001
1024,34.5186
1025,34.049999
1026,34.112499
1027,35.7682
1028,36.549099
1029,36.970797999999995
1030,36.845901
1031,35.315201
1032,35.143398
1033,34.987202
1034,35.057499
1035,34.838799
1036,34.409302000000004
1037,35.260502
1038,36.182097999999996
1039,35.924301
1040,35.2449
1041,35.1278
1042,35.3386
1043,37.1661
1044,37.1485245
1045,37.095797999999995
1046,40.360199
1047,40.086899
1048,45.139702
1049,46.0769
1050,49.5756
1051,48.099602000000004
1052,45.139702
1053,47.794998
1054,48.341702000000005
1055,49.708401
1056,48.263599
1057,50.4268
1058,49.981701
1059,48.841499
1060,50.840801
1061,50.7705
1062,51.078950999999996
1063,51.387402
1064,52.465199
1065,52.238701
1066,51.668597999999996
1067,53.558498
1068,53.4179
1069,53.730301000000004
1070,53.277401
1071,53.9646
1072,54.511299
1073,54.48
1074,56.854198
1075,56.0732
1076,54.9799
1077,54.6675
1078,54.308201000000004
1079,55.745201
1080,54.417598999999996
1081,54.042702
1082,53.839698999999996
1083,51.996601
1084,53.3242
1085,50.739201
1086,52.7775
1087,49.200699
1088,49.802101
1089,44.686797999999996
1090,41.93
1091,40.141498999999996
1092,38.563999
1093,36.845901
1094,36.549099
1095,34.346802000000004
1096,32.097599
1097,34.987202
1098,37.408198999999996
1099,37.3863194
1100,37.320680599999996
1101,37.298801
1102,38.2672
1103,38.306301
1104,37.361301
1105,37.9548
1106,41.094299
1107,44.4837
1108,42.0159
1109,46.389301
1110,51.176601
1111,50.9188
1112,47.388901000000004
1113,47.326401000000004
1114,51.512402
1115,57.7757
1116,55.917
1117,55.760799
1118,51.715401
1119,49.95825025
1120,44.686797999999996
1121,46.4049
1122,48.060501
1123,48.888302
1124,50.176902
1125,54.042702
1126,50.3409
1127,53.105499
1128,56.354401
1129,54.277
1130,54.33557424999999
1131,54.355098999999996
1132,51.075001
1133,51.699799
1134,52.8713
1135,51.699799
1136,50.216
1137,51.543597999999996
1138,50.6143
1139,49.919201
1140,48.740002000000004
1141,49.981701
1142,50.122299
1143,49.6693
1144,48.107399
1145,48.888302
1146,48.778999
1147,48.989899
1148,48.778999
1149,49.169498
1150,49.747398
1151,53.222698
1152,54.8237
1153,53.433601
1154,53.5741
1155,52.7463
1156,52.793201
1157,53.089901
1158,53.089901
1159,53.402302
1160,53.4804
1161,52.949402
1162,54.1208
1163,53.2617
1164,51.473301
1165,52.129298999999996
1166,52.090302
1167,52.1684
1168,51.598301
1169,54.0583
1170,52.3246
1171,51.754501
1172,52.3246
1173,52.3792
1174,53.730301000000004
1175,52.793201
1176,54.448799
1177,54.511299
1178,54.8237
1179,56.916599
1180,56.698002
1181,57.7757
1182,58.431702
1183,57.916302
1184,57.205601
1185,56.6824
1186,56.463699
1187,55.995098
1188,55.120399
1189,55.760799
1190,53.2696
1191,50.380001
1192,52.949402
1193,50.9188
1194,54.355098999999996
1195,52.793201
1196,52.480801
1197,52.699501
1198,53.074298999999996
1199,52.8713
1200,51.387402
1201,51.8013
1202,52.012199
1203,51.855999
1204,51.4655
1205,51.387402
1206,51.6139015
1207,51.840401
1208,52.949402
1209,52.644798
1210,52.512001
1211,52.8713
1212,53.371101
1213,52.949402
1214,52.558899
1215,52.090302
1216,51.7467
1217,52.2855
1218,52.8713
1219,52.88690025
1220,52.933701
1221,55.760799
1222,55.604599
1223,56.409
1224,56.541801
1225,58.5411
1226,60.134201000000004
1227,60.2826
1228,58.736301
1229,58.7285
1230,56.698002
1231,53.7616
1232,53.3008
1233,54.3395
1234,54.198898
1235,53.4258
1236,53.730301000000004
1237,53.2696
1238,55.448399
1239,54.323799
1240,53.41599975
1241,53.1134
1242,54.042702
1243,53.909901
1244,52.800999
1245,53.2617
1246,53.2696
1247,52.012199
1248,51.153099
1249,50.801701
1250,50.137901
1251,47.662201
1252,46.779701
1253,46.358002
1254,48.302601
1255,46.545398999999996
1256,44.671101
1257,45.9207
1258,48.099602000000004
1259,47.943401
1260,47.560699
1261,46.8657
1262,48.490101
1263,48.248001
1264,49.7318
1265,49.505299
1266,48.443199
1267,49.466301
1268,49.591202
1269,49.739601
1270,48.427601
1271,47.178001
1272,49.349098
1273,49.200699
1274,48.576
1275,48.505699
1276,48.8493
1277,48.4198
1278,47.951199
1279,48.8102
1280,49.044498
1281,49.9739
1282,51.231201
1283,51.075001
1284,51.075001
1285,51.371798999999996
1286,52.246497999999995
1287,53.839698999999996
1288,52.543301
1289,52.793201
1290,53.246101
1291,54.198898
1292,54.042702
1293,54.3395
1294,53.886501
1295,52.3246
1296,53.613201000000004
1297,53.886501
1298,53.121201
1299,53.808399
1300,52.93569825
1301,52.644798
1302,50.9188
1303,52.449501
1304,52.8634
1305,53.105499
1306,53.160198
1307,55.448399
1308,56.088799
1309,55.682701
1310,56.6199
1311,56.1357
1312,56.002899
1313,55.057999
1314,55.752998
1315,55.300098
1316,55.534401
1317,57.9632
1318,56.698002
1319,57.026001
1320,57.635101
1321,58.533198999999996
1322,60.040501
1323,59.587601
1324,59.52902525
1325,59.353297999999995
1326,59.126801
1327,63.258099
1328,59.899899
1329,60.056098999999996
1330,61.399399
1331,62.4771
1332,61.797699
1333,61.1026
1334,62.008499
1335,61.891399
1336,62.789501
1337,64.7966
1338,64.82
1339,66.210098
1340,66.06950400000001
1341,66.2257
1342,66.0774
1343,64.507599
1344,64.827797
1345,64.070297
1346,63.648602000000004
1347,62.789501
1348,64.976196
1349,68.7248
1350,65.6791
1351,65.015251
1352,64.35140200000001
1353,64.577904
1354,64.210899
1355,63.898499
1356,62.641102000000004
1357,60.758998999999996
1358,61.383801
1359,61.540001000000004
1360,59.509399
1361,59.978001
1362,58.806599
1363,63.312801
1364,61.540001000000004
1365,59.353297999999995
1366,59.8218
1367,61.696201
1368,62.672401
1369,61.555599
1370,60.3685
1371,60.915199
1372,59.376701000000004
1373,59.599250500000004
1374,59.8218
1375,59.384499
1376,55.479698
1377,51.543597999999996
1378,49.6693
1379,48.677475
1380,45.702
1381,47.951199
1382,49.044498
1383,51.535801
1384,57.7757
1385,55.448399
1386,54.8549
1387,54.6675
1388,56.299702
1389,54.8237
1390,54.464401
1391,53.941150500000006
1392,53.4179
1393,53.2617
1394,53.597599
1395,53.5741
1396,53.183701
1397,54.198898
1398,54.964199
1399,55.6749
1400,55.448399
1401,55.760799
1402,58.197399
1403,57.619499
1404,60.087399
1405,58.103699
1406,59.017399
1407,58.892502
1408,59.509399
1409,61.5322
1410,61.540001000000004
1411,62.3209
1412,63.414299
1413,60.852699
1414,61.422798
1415,59.6656
1416,58.220901
1417,58.556702
1418,57.3228
1419,57.010399
1420,57.791302
1421,57.7757
1422,57.947497999999996
1423,58.3927
1424,56.5574
1425,55.4641
1426,53.105499
1427,52.3246
1428,53.8475
1429,53.4179
1430,53.214901
1431,53.183701
1432,54.042702
1433,55.917
1434,56.6199
1435,57.916302
1436,54.605
1437,50.450298
1438,51.855999
1439,50.606499
1440,50.606499
1441,51.777901
1442,51.855999
1443,52.8713
1444,53.378899
1445,52.933701
1446,51.387402
1447,52.176201
1448,50.762699
1449,50.9188
1450,48.4198
1451,47.0453
1452,49.122601
1453,48.107399
1454,47.404499
1455,47.709099
1456,49.161701
1457,50.1301
1458,49.044498
1459,49.591202
1460,49.5131
1461,50.145699
1462,50.747002
1463,50.9188
1464,52.793201
1465,53.0275
1466,51.496798999999996
1467,50.97354849999999
1468,50.450298
1469,51.075001
1470,49.200699
1471,49.6693
1472,49.8176995
1473,49.966099
1474,49.6693
1475,49.6693
1476,49.0289
1477,48.732201
1478,49.5522
1479,49.7318
1480,48.576
1481,48.8727
1482,48.888302
1483,49.6693
1484,48.9977
1485,47.951199
1486,47.7169
1487,46.0769
1488,46.8578
1489,45.561401000000004
1490,39.399601000000004
1491,40.6101
1492,40.6101
1493,37.783001
1494,36.4944
1495,33.971901
1496,35.159
1497,32.784901
1498,33.573601000000004
1499,38.111
1500,41.234901
1501,41.000600500000004
1502,40.7663
1503,38.899799
1504,38.891998
1505,37.798698
1506,39.829201
1507,39.3606
1508,40.6101
1509,41.726898
1510,41.484798
1511,42.937401
1512,42.952999
1513,43.687098999999996
1514,43.031101
1515,43.226397999999996
1516,43.218601
1517,43.4216
1518,42.0159
1519,41.8987495
1520,41.547298
1521,39.985401
1522,39.673
1523,40.141498999999996
1524,40.688202000000004
1525,41.141201
1526,41.391102000000004
1527,41.4692
1528,40.453899
1529,41.156799
1530,41.3755
1531,41.547298
1532,42.4688
1533,42.640598
1534,43.074048749999996
1535,44.374401
1536,48.4198
1537,45.608299
1538,46.0769
1539,45.608299
1540,46.186199
1541,47.1702
1542,45.7957
1543,45.295898
1544,45.33884875
1545,45.467701
1546,45.608299
1547,47.662201
1548,49.981701
1549,48.4198
1550,48.576
1551,49.200699
1552,48.888302
1553,48.8493
1554,48.576
1555,48.45885
1556,48.4198
1557,49.0289
1558,48.185501
1559,47.638802
1560,47.794998
1561,48.0995485
1562,48.404099
1563,47.638802
1564,46.8578
1565,47.482601
1566,47.623199
1567,47.490398
1568,47.638802
1569,47.014
1570,49.8255
1571,50.145699
1572,49.981701
1573,51.5592
1574,51.075001
1575,51.699799
1576,50.747002
1577,50.778301
1578,49.5131
1579,51.528
1580,48.888302
1581,48.732201
1582,48.732201
1583,49.278801
1584,49.192902000000004
1585,49.356899
1586,49.356899
1587,49.185101
1588,50.137901
1589,46.9594
1590,47.8731
1591,46.545398999999996
1592,46.0769
1593,45.608299
1594,48.107399
1595,49.044498
1596,48.4198
1597,48.4198
1598,48.794601
1599,48.888302
1600,49.6693
1601,50.012901
1602,49.591202
1603,49.7318
1604,48.888302
1605,49.231998
1606,49.5756
1607,50.606499
1608,51.0438
1609,48.107399
1610,52.1684
1611,49.8255
1612,48.107399
1613,48.4198
1614,48.716499
1615,48.3339
1616,46.686001
1617,45.7645
1618,46.397099
1619,46.584499
1620,48.529099
1621,47.951199
1622,47.014
1623,47.1702
1624,46.842201
1625,47.13507525
1626,47.2327
1627,47.310798999999996
1628,47.014
1629,47.03940025
1630,47.115601
1631,46.935902
1632,47.396702000000005
1633,46.935902
1634,47.834
1635,47.9902
1636,47.404499
1637,46.8578
1638,46.568901000000004
1639,46.365798999999996
1640,46.545398999999996
1641,45.9207
1642,45.5849
1643,45.608299
1644,45.694199
1645,44.5149
1646,45.014801
1647,45.7645
1648,45.374001
1649,44.905398999999996
1650,45.139702
1651,42.952999
1652,43.651949
1653,44.350899
1654,44.5149
1655,44.991299
1656,45.139702
1657,45.9207
1658,45.686401000000004
1659,45.545799
1660,45.295898
1661,44.952301
1662,44.468102
1663,44.3587
1664,43.577801
1665,45.2491
1666,42.578201
1667,40.836601
1668,40.297699
1669,40.657001
1670,42.9062
1671,41.8284
1672,42.952999
1673,40.664799
1674,41.063099
1675,41.789398
1676,42.250099
1677,42.640598
1678,42.952999
1679,42.796799
1680,43.280998
1681,44.983501000000004
1682,45.053799
1683,44.827301
1684,44.343102
1685,44.655499
1686,44.671101
1687,44.202599
1688,44.811699
1689,44.827301
1690,44.5149
1691,43.2654
1692,42.1721
1693,42.094002
1694,42.484402
1695,42.179901
1696,42.343899
1697,41.703499
1698,42.0159
1699,41.859699
1700,40.6101
1701,42.492199
1702,42.796799
1703,43.1092
1704,41.937801
1705,41.703499
1706,41.547298
1707,40.180599
1708,39.829201
1709,39.985401
1710,40.141498999999996
1711,39.766701
1712,40.0634
1713,39.829201
1714,39.345001
1715,38.196899
1716,39.266899
1717,38.259399
1718,38.501499
1719,37.814301
1720,38.2672
1721,37.9548
1722,38.111
1723,37.759602
1724,36.564701
1725,37.1348
1726,37.876801
1727,37.814301
1728,37.728401500000004
1729,37.642502
1730,38.126701000000004
1731,38.501499
1732,38.899799
1733,38.579601000000004
1734,39.0326
1735,39.056
1736,40.6101
1737,38.345299
1738,38.2672
1739,39.157501
1740,40.6101
1741,41.609798
1742,40.922501000000004
1743,42.1721
1744,41.547298
1745,41.3755
1746,41.0709
1747,40.7663
1748,40.266498999999996
1749,40.7897
1750,40.6101
1751,40.3368
1752,40.6101
1753,40.5242
1754,39.829201
1755,40.141498999999996
1756,40.453899
1757,39.688598999999996
1758,40.141498999999996
1759,39.946301
1760,40.180599
1761,40.000999
1762,39.446498500000004
1763,38.891998
1764,37.6581
1765,36.705299
1766,37.587799
1767,37.915797999999995
1768,37.0177
1769,39.204399
1770,37.642502
1771,37.8377515
1772,38.033001
1773,38.033001
1774,38.220402
1775,38.111
1776,37.970501
1777,37.1427
1778,36.705299
1779,35.846199
1780,34.799801
1781,35.2215
1782,36.330399
1783,37.025501
1784,41.515999
1785,41.086498
1786,41.391102000000004
1787,41.2739505
1788,41.156799
1789,39.673
1790,40.297699
1791,39.673
1792,42.132999
1793,41.156799
1794,41.719101
1795,41.859699
1796,42.211099499999996
1797,42.5625
1798,42.9921
1799,43.187302
1800,44.436901
1801,45.2491
1802,45.530201
1803,45.295898
1804,45.686401000000004
1805,45.2803
1806,46.537601
1807,45.7645
1808,46.029999
1809,46.092499
1810,46.701599
1811,45.436501
1812,46.061298
1813,45.7645
1814,44.983501000000004
1815,47.1702
1816,46.2799
1817,46.006599
1818,45.2178
1819,45.139702
1820,45.600497999999995
1821,45.178799
1822,45.452099
1823,45.725398999999996
1824,47.248298999999996
1825,46.389301
1826,46.842201
1827,46.9828
1828,46.6782
1829,46.092499
1830,44.928902
1831,44.679001
1832,44.569599
1833,45.374001
1834,46.670398999999996
1835,46.389301
1836,45.748901000000004
1837,45.608299
1838,45.420898
1839,45.686401000000004
1840,45.694199
1841,45.295898
1842,45.686401000000004
1843,46.389301
1844,45.827
1845,44.0854
1846,42.2267
1847,48.4198
1848,42.664101
1849,41.703499
1850,44.046397999999996
1851,44.389998999999996
1852,43.687098999999996
1853,44.202599
1854,44.592999
1855,43.8433
1856,44.077599
1857,43.976101
1858,43.9878005
1859,43.9995
1860,44.889801
1861,45.7645
1862,45.4599
1863,45.295898
1864,45.1632
1865,46.412701
1866,46.8578
1867,46.334599
1868,45.499001
1869,46.389301
1870,46.0769
1871,45.936298
1872,45.381802
1873,44.991299
1874,43.4216
1875,43.874598999999996
1876,42.952999
1877,44.5149
1878,43.4216
1879,43.4216
1880,43.4216
1881,43.733999
1882,44.046397999999996
1883,43.734001
1884,45.545799
1885,45.748901000000004
1886,43.577801
1887,44.749199
1888,44.186901
1889,43.874598999999996
1890,43.9058
1891,43.1092
1892,44.132301
1893,44.202599
1894,44.694599
1895,46.115898
1896,46.545398999999996
1897,45.787898999999996
1898,44.967898999999996
1899,44.733601
1900,45.50677525
1901,45.7645
1902,44.499297999999996
1903,44.327498999999996
1904,44.1791245
1905,43.734001
1906,43.523102
1907,43.9683
1908,42.640598
1909,42.484402
1910,41.859699
1911,42.640598
1912,42.601601
1913,42.74605
1914,42.890499
1915,42.952999
1916,42.1721
1917,41.609798
1918,41.391102000000004
1919,40.165001000000004
1920,40.922501000000004
1921,40.906898
1922,40.883499
1923,41.6488
1924,42.0159
1925,42.023701
1926,41.313
1927,42.5938
1928,42.2658
1929,42.3283
1930,42.1721
1931,43.593399
1932,43.890202
1933,45.2178
1934,45.9207
1935,46.701599
1936,45.670799
1937,45.694199
1938,47.638802
1939,49.200699
1940,49.895802
1941,47.826199
1942,47.334202000000005
1943,48.2089
1944,48.380699
1945,49.224201
1946,48.380699
1947,50.411201
1948,47.037498
1949,50.294102
1950,52.238701
1951,50.801701
1952,50.294102
1953,50.9188
1954,51.020401
1955,50.762699
1956,50.926701
1957,51.207802
1958,51.504601
1959,52.02
1960,52.1684
1961,51.403
1962,51.543597999999996
1963,51.371798999999996
1964,52.1684
1965,52.012199
1966,53.2617
1967,52.5979
1968,53.886501
1969,52.8634
1970,53.292999
1971,52.457401000000004
1972,52.480801
1973,51.715401
1974,53.886501
1975,54.753399
1976,53.581902
1977,53.730301000000004
1978,54.8237
1979,56.182499
1980,55.2141
1981,55.542198
1982,53.667801000000004
1983,55.1595
1984,56.213799
1985,55.995098
1986,60.727798
1987,57.7757
1988,56.541801
1989,56.42465075
1990,56.0732
1991,56.643299
1992,58.103699
1993,58.5723
1994,58.2911
1995,60.290401
1996,59.353297999999995
1997,60.915199
1998,61.547798
1999,62.3209
2000,62.2038
2001,64.82
2002,64.99960300000001
2003,63.554901
2004,64.210899
2005,65.929001
2006,68.279701
2007,67.943901
2008,66.381897
2009,66.850502
2010,65.444801
2011,63.414299
2012,65.288597
2013,63.8829
2014,61.703998999999996
2015,64.3358
2016,62.5005
2017,65.085503
2018,66.850502
2019,65.725899
2020,79.658302
2021,68.139099
2022,68.880997
2023,68.7248005
2024,68.56860400000001
2025,70.052498
2026,71.536301
2027,72.629601
2028,71.692497
2029,71.567497
2030,73.54340400000001
2031,75.753502
2032,73.27780200000001
2033,77.76840200000001
2034,76.065903
2035,77.003098
2036,75.753502
2037,71.887703
2038,73.379402
2039,57.791302
2040,74.191597
2041,71.848701
2042,72.981102
2043,73.496498
2044,74.972504
2045,76.058098
2046,78.4244
2047,76.065903
2048,76.846802
2049,77.08899699999999
2050,79.658302
2051,74.996002
2052,76.5345
2053,78.080803
2054,73.60590400000001
2055,72.9655
2056,73.824501
2057,72.496902
2058,72.17669699999999
2059,69.69319899999999
2060,72.13760400000001
2061,71.2239
2062,72.0947
2063,72.9655
2064,74.503998
2065,76.550102
2066,77.02649699999999
2067,78.877403
2068,76.60479699999999
2069,79.658302
2070,76.401703
2071,75.183403
2072,76.143997
2073,78.268204
2074,77.479401
2075,76.846802
2076,77.908997
2077,79.033501
2078,78.065201
2079,79.345901
2080,81.399902
2081,67.943901
2082,81.243698
2083,82.10274899999999
2084,82.9618
2085,83.250801
2086,83.875504
2087,87.78029599999999
2088,90.591797
2089,89.732803
2090,91.372803
2091,90.748001
2092,89.06109599999999
2093,91.372803
2094,93.715698
2095,90.279404
2096,89.537498
2097,92.153702
2098,94.262398
2099,91.372803
2100,90.7714
2101,91.997597
2102,89.225098
2103,86.37460300000001
2104,84.18789699999999
2105,86.88812425
2106,87.7882
2107,91.8414
2108,90.748001
2109,89.42040300000001
2110,88.19032274999999
2111,87.78029599999999
2112,86.741699
2113,89.732803
2114,88.834602
2115,90.35749799999999
2116,92.466103
2117,96.8395
2118,92.192802
2119,91.552399
2120,93.403297
2121,92.481796
2122,94.004601
2123,94.512299
2124,90.763603
2125,91.997597
2126,86.76509899999999
2127,89.0299
2128,86.5308
2129,85.210999
2130,88.873703
2131,88.8854025
2132,88.897102
2133,90.279404
2134,89.18609599999999
2135,91.8414
2136,93.715698
2137,90.748001
2138,89.3423
2139,88.170799
2140,88.569099
2141,84.344101
2142,85.125099
2143,84.656502
2144,80.751701
2145,79.517799
2146,79.502098
2147,79.970703
2148,80.134697
2149,80.900101
2150,82.180801
2151,82.797798
2152,82.321404
2153,84.18789699999999
2154,101.525002
2155,88.561302
2156,89.967003
2157,90.568398
2158,89.0299
2159,89.24465025
2160,89.888901
2161,88.092697
2162,89.2563475
2163,90.41999799999999
2164,88.405098
2165,88.01460300000001
2166,86.608902
2167,85.913803
2168,88.717499
2169,88.717499
2170,87.78037625
2171,87.468002
2172,84.35189799999999
2173,84.18789699999999
2174,88.248901
2175,82.313599
2176,83.70369699999999
2177,83.094597
2178,83.563103
2179,83.094597
2180,82.735298
2181,79.751999
2182,75.597298
2183,74.972504
2184,79.658302
2185,73.410599
2186,67.162903
2187,69.388603
2188,72.317299
2189,69.021599
2190,70.28679699999999
2191,70.755302
2192,71.848701
2193,70.599098
2194,69.82599599999999
2195,67.39720200000001
2196,67.943901
2197,68.084396
2198,69.662003
2199,66.06950400000001
2200,67.943901
2201,69.505798
2202,71.380096
2203,70.114998
2204,69.81819899999999
2205,67.006699
2206,67.959503
2207,70.755302
2208,70.193001
2209,70.91149899999999
2210,69.69319899999999
2211,67.600197
2212,68.022003
2213,64.195198
2214,66.2257
2215,67.240997
2216,68.7248
2217,69.380798
2218,68.63110400000001
2219,67.943901
2220,67.850197
2221,67.27220200000001
2222,68.56860400000001
2223,68.670197
2224,62.4771
2225,68.256203
2226,67.787697
2227,67.647102
2228,65.710297
2229,65.913399
2230,66.538101
2231,70.28679699999999
2232,67.319099
2233,69.349602
2234,71.536301
2235,72.785797
2236,74.972504
2237,72.161102
2238,74.191597
2239,74.207199
2240,76.222099
2241,77.19830300000001
2242,76.690697
2243,77.61219799999999
2244,78.393204
2245,76.846802
2246,77.010902
2247,77.6278
2248,75.003799
2249,74.503998
2250,74.0588
2251,86.686996
2252,74.472702
2253,73.723
2254,74.277496
2255,72.47350300000001
2256,70.685097
2257,70.91149899999999
2258,72.004898
2259,72.0439
2260,72.0205
2261,73.106003
2262,74.293098
2263,74.191597
2264,73.848
2265,74.207199
2266,74.363403
2267,76.065903
2268,76.03469799999999
2269,75.753502
2270,76.675003
2271,76.768799
2272,76.058098
2273,76.300201
2274,77.401299
2275,79.970703
2276,78.252602
2277,79.033501
2278,78.252602
2279,78.096397
2280,77.471603
2281,77.299797
2282,77.659103
2283,80.283096
2284,80.9235
2285,83.250801
2286,85.28130300000001
2287,84.172302
2288,85.890404
2289,87.468002
2290,86.686996
2291,85.4375
2292,84.656502
2293,83.875504
2294,85.328102
2295,85.749802
2296,86.405899
2297,88.561302
2298,85.7733
2299,85.41600025
2300,84.344101
2301,93.715698
2302,86.304298
2303,84.804901
2304,84.500298
2305,83.078903
2306,83.406998
2307,85.10949699999999
2308,86.5308
2309,84.500298
2310,84.968903
2311,85.10949699999999
2312,84.594002
2313,85.390602
2314,85.905998
2315,85.5546245
2316,85.4375
2317,85.28130300000001
2318,85.125099
2319,83.64119699999999
2320,81.032799
2321,83.250801
2322,82.78220400000001
2323,79.658302
2324,79.18972575000001
2325,77.783997
2326,79.970703
2327,81.688797
2328,82.954002
2329,81.2593
2330,84.968903
2331,83.578796
2332,81.37640400000001
2333,79.361603
2334,80.1269
2335,77.940201
2336,78.408798
2337,78.98670200000001
2338,77.315399
2339,76.5345
2340,75.753502
2341,75.519203
2342,76.214302
2343,77.893303
2344,80.439301
2345,81.220299
2346,81.212402
2347,82.65720400000001
2348,83.414803
2349,82.977402
2350,84.25039699999999
2351,85.905998
2352,82.157402
2353,82.469803
2354,83.563103
2355,85.148499
2356,83.563103
2357,82.625999
2358,82.001198
2359,81.790398
2360,80.439301
2361,80.14250200000001
2362,80.283096
2363,79.673897
2364,80.20500200000001
2365,79.017899
2366,78.89299799999999
2367,79.189796
2368,82.001198
2369,83.391296
2370,85.000099
2371,84.31289699999999
2372,84.968903
2373,93.372002
2374,83.094597
2375,83.445999
2376,84.016098
2377,84.9767
2378,86.202797
2379,84.9142
2380,84.195702
2381,83.71929899999999
2382,83.71929899999999
2383,83.445999
2384,83.406998
2385,84.297203
2386,85.952904
2387,85.905998
2388,84.37539699999999
2389,87.077499
2390,85.4375
2391,85.937302
2392,87.397697
2393,86.71820100000001
2394,91.966301
2395,92.95030200000001
2396,91.8414
2397,93.090897
2398,91.73200200000001
2399,90.591797
2400,89.193901
2401,88.873703
2402,87.468002
2403,89.498497
2404,87.3274
2405,84.968903
2406,86.686996
2407,87.78029599999999
2408,88.561302
2409,85.59369699999999
2410,85.140701
2411,86.999397
2412,88.561302
2413,88.397301
2414,87.155602
2415,89.482803
2416,88.561302
2417,86.999397
2418,85.624901
2419,86.062202
2420,84.9533
2421,82.313599
2422,81.845001
2423,80.689201
2424,82.469803
2425,85.4375
2426,85.125099
2427,84.656502
2428,86.686996
2429,84.31289699999999
2430,85.937302
2431,82.704102
2432,83.250801
2433,84.656502
2434,84.77359799999999
2435,84.344101
2436,85.78890200000001
2437,86.491798
2438,84.656502
2439,84.328499
2440,84.109802
2441,83.953598
2442,84.656502
2443,82.469803
2444,82.9384
2445,82.001198
2446,81.845001
2447,83.2742
2448,82.469803
2449,82.9384
2450,82.954002
2451,83.016502
2452,82.313599
2453,84.0317
2454,84.968903
2455,82.469803
2456,86.5308
2457,86.218399
2458,86.1091
2459,87.592903
2460,87.624199
2461,88.5457
2462,89.18609599999999
2463,88.678497
2464,90.123199
2465,92.153702
2466,97.620499
2467,98.713898
2468,100.431999
2469,102.181
2470,101.369003
2471,101.212997
2472,104.649002
2473,99.026199
2474,101.212997
2475,100.431999
2476,100.27600100000001
2477,100.587997
2478,99.5495
2479,100.181999
2480,98.089104
2481,96.550598
2482,99.166801
2483,99.963402
2484,98.659203
2485,100.431999
2486,104.181
2487,103.711998
2488,104.024002
2489,105.585999
2490,106.210999
2491,107.991997
2492,106.991997
2493,108.164001
2494,108.593502
2495,109.023003
2496,109.804001
2497,111.194
2498,118.675003
2499,111.989998
2500,114.021004
2501,117.112999
2502,111.522003
2503,112.412003
2504,112.873001
2505,112.428001
2506,110.038002
2507,109.334999
2508,112.459
2509,117.144997
2510,110.849998
2511,110.115997
2512,107.304001
2513,109.25700400000001
2514,109.249001
2515,110.272003
2516,109.804001
2517,111.209
2518,112.303001
2519,113.239998
2520,114.333
2521,114.021004
2522,114.646004
2523,115.583
2524,116.403
2525,117.612999
2526,117.144997
2527,115.817001
2528,119.322998
2529,120.956001
2530,119.487
2531,121.83000200000001
2532,122.45500200000001
2533,119.956001
2534,117.144997
2535,123.376999
2536,123.391998
2537,124.954002
2538,125.890999
2539,122.611
2540,124.329002
2541,126.204002
2542,124.954002
2543,124.165001
2544,123.236
2545,122.92400400000001
2546,122.721001
2547,121.04900400000001
2548,121.42400400000001
2549,121.416
2550,117.167999
2551,117.92600300000001
2552,117.768997
2553,120.300003
2554,118.871002
2555,120.252998
2556,119.643997
2557,117.92600300000001
2558,115.192001
2559,119.292
2560,119.364
2561,119.472
2562,124.172997
2563,123.70500200000001
2564,123.922997
2565,122.92400400000001
2566,124.172997
2567,125.110001
2568,114.802002
2569,129.945007
2570,129.014999
2571,129.578003
2572,128.233994
2573,130.108994
2574,132.13900800000002
2575,132.13900800000002
2576,132.63900800000002
2577,132.794998
2578,130.108994
2579,131.51400800000002
2580,132.294998
2581,131.51400800000002
2582,131.201996
2583,132.76400800000002
2584,131.201996
2585,135.279007
2586,135.246994
2587,135.91099499999999
2588,134.951004
2589,132.76400800000002
2590,133.38900800000002
2591,134.294998
2592,133.716995
2593,134.951004
2594,133.544998
2595,131.201996
2596,130.421005
2597,135.888
2598,135.574997
2599,140.261002
2600,139.479996
2601,140.494995
2602,143.854004
2603,145.727997
2604,143.962997
2605,144.166
2606,141.979004
2607,134.809998
2608,139.003998
2609,138.699005
2610,136.707993
2611,145.024994
2612,175.0
2613,176.75
2614,175.5
2615,177.5
2616,174.0
2617,173.725006
2618,175.0
2619,177.100006
2620,178.649994
2621,177.475006
2622,176.75
2623,173.75
2624,180.136993
2625,179.988007
2626,178.75
2627,178.75
2628,178.75
2629,178.024994
2630,175.449997
2631,175.75
2632,173.5
2633,175.511993
2634,174.811996
2635,176.25
2636,175.5
2637,175.75
2638,175.938004
2639,177.0
2640,177.5
2641,178.75
2642,179.25
2643,183.324997
2644,183.25
2645,181.0
2646,182.75
2647,182.875
2648,183.5
2649,186.25
2650,192.5
2651,194.175003
2652,195.0
2653,195.738007
2654,195.375
2655,194.0
2656,196.5
2657,198.75
2658,199.0
2659,199.0
2660,199.988007
2661,200.25
2662,207.75
2663,210.75
2664,211.125
2665,208.25
2666,208.774994
2667,207.5
2668,212.5
2669,213.44999700000002
2670,224.725006
2671,233.75
2672,250.0
2673,243.75
2674,244.375
2675,240.0
2676,245.5
2677,246.25
2678,256.25
2679,257.799988
2680,260.5
2681,270.924988
2682,278.75
2683,290.0
2684,290.0
2685,293.75
2686,280.138
2687,267.5
2688,256.237
2689,267.299988
2690,266.25
2691,252.5
2692,248.75
2693,234.75
2694,243.0
2695,236.100006
2696,240.0
2697,240.5
2698,239.92500299999998
2699,234.5
2700,241.25
2701,232.5
2702,240.5
2703,230.0
2704,226.25
2705,220.274994
2706,203.75
2707,229.5
2708,222.5
2709,216.25
2710,219.25
2711,227.0
2712,229.5
2713,232.5
2714,232.5
2715,242.5
2716,242.0
2717,253.75
2718,248.25
2719,240.537994
2720,255.975006
2721,256.225006
2722,265.41299399999997
2723,267.5
2724,268.5
2725,269.975006
2726,273.5
2727,259.0
2728,261.25
2729,259.049988
2730,271.56201200000004
2731,266.25
2732,264.5
2733,258.25
2734,252.5
2735,249.25
2736,247.5
2737,240.5
2738,246.19999700000002
2739,247.5
2740,251.225006
2741,252.17500299999998
2742,247.0
2743,243.5
2744,244.75
2745,248.75
2746,247.0
2747,242.0
2748,238.875
2749,244.287994
2750,247.0
2751,246.475006
2752,253.75
2753,258.75
2754,264.75
2755,267.0
2756,263.75
2757,270.0
2758,265.5
2759,265.0
2760,278.75
2761,278.25
2762,282.475006
2763,278.75
2764,260.0
2765,278.75
2766,281.263
2767,281.25
2768,281.5
2769,283.75
2770,282.5
2771,283.0
2772,273.0
2773,277.950012
2774,280.0
2775,281.75
2776,286.25
2777,283.75
2778,278.5
2779,283.28799399999997
2780,283.68798799999996
2781,289.950012
2782,291.0
2783,296.5
2784,292.799988
2785,297.450012
2786,291.31201200000004
2787,291.25
2788,290.0
2789,291.5
2790,288.75
2791,290.0
2792,288.75
2793,286.112
2794,293.25
2795,298.75
2796,303.75
2797,300.549988
2798,303.5
2799,301.450012
2800,300.0
2801,297.5
2802,295.975006
2803,306.25
2804,308.75
2805,305.25
2806,317.0
2807,322.5
2808,321.5
2809,327.0
2810,322.825012
2811,314.0
2812,316.75
2813,322.0
2814,322.600006
2815,320.5
2816,316.25
2817,317.5
2818,306.31201200000004
2819,316.75
2820,319.975006
2821,320.0
2822,317.5
2823,315.5
2824,312.325012
2825,313.774994
2826,312.75
2827,311.274994
2828,316.25
2829,320.0
2830,321.200012
2831,320.25
2832,326.25
2833,320.0
2834,309.5
2835,303.725006
2836,311.25
2837,316.5
2838,315.0
2839,324.450012
2840,315.0
2841,313.0
2842,315.388
2843,321.225006
2844,321.25
2845,324.25
2846,320.013
2847,318.75
2848,321.25
2849,322.5
2850,318.75
2851,323.5
2852,323.700012
2853,318.75
2854,318.75
2855,327.174988
2856,341.200012
2857,341.75
2858,339.5
2859,338.75
2860,357.0
2861,346.25
2862,342.763
2863,343.600006
2864,344.924988
2865,342.5
2866,346.487
2867,342.0
2868,345.924988
2869,345.0
2870,332.5
2871,349.5
2872,349.237
2873,350.125
2874,346.75
2875,339.0
2876,341.28799399999997
2877,345.625
2878,352.5
2879,357.25
2880,347.75
2881,353.75
2882,356.0
2883,355.0
2884,326.274994
2885,337.524994
2886,343.75
2887,342.75
2888,325.0
2889,318.5
2890,327.75
2891,329.75
2892,334.5
2893,332.475006
2894,328.924988
2895,327.25
2896,324.75
2897,320.850006
2898,325.274994
2899,329.5
2900,330.0
2901,336.75
2902,344.0
2903,345.75
2904,340.0
2905,341.0
2906,340.0
2907,338.75
2908,330.125
2909,337.0
2910,340.75
2911,341.25
2912,347.375
2913,346.28799399999997
2914,346.0
2915,343.81201200000004
2916,354.524994
2917,366.25
2918,368.25
2919,366.31201200000004
2920,373.75
2921,385.75
2922,388.5
2923,395.5
2924,402.5
2925,403.0
2926,387.450012
2927,393.75
2928,407.56201200000004
2929,401.25
2930,402.125
2931,397.5
2932,401.75
2933,387.75
2934,402.5
2935,405.125
2936,400.25
2937,411.274994
2938,421.200012
2939,427.5
2940,442.25
2941,445.0
2942,437.513
2943,425.31201200000004
2944,434.97500599999995
2945,430.5
2946,437.5
2947,438.75
2948,443.200012
2949,442.25
2950,434.75
2951,437.75
2952,418.25
2953,416.0
2954,450.0
2955,418.725006
2956,424.575012
2957,421.5
2958,425.0
2959,424.450012
2960,417.899994
2961,431.638
2962,433.75
2963,433.75
2964,427.0
2965,427.25
2966,424.75
2967,427.25
2968,425.0
2969,426.0
2970,419.024994
2971,427.75
2972,429.5
2973,428.5
2974,425.72500599999995
2975,428.763
2976,429.25
2977,426.64999400000005
2978,432.450012
2979,445.0
2980,447.25
2981,458.75
2982,455.75
2983,474.75
2984,470.0
2985,478.0
2986,473.75
2987,477.5
2988,479.950012
2989,471.25
2990,466.25
2991,465.5
2992,459.25
2993,452.75
2994,445.75
2995,452.5
2996,455.75
2997,471.75
2998,455.0
2999,455.5
3000,450.0
3001,448.0
3002,427.75
3003,450.0
3004,450.0
3005,436.75
3006,449.75
3007,438.888
3008,454.5
3009,458.450012
3010,463.5
3011,475.0
3012,475.0
3013,490.22500599999995
3014,491.0
3015,496.75
3016,486.0
3017,495.75
3018,488.75
3019,497.5
3020,499.0
3021,506.25
3022,508.75
3023,507.5
3024,505.0
3025,533.75
3026,544.0
3027,546.0
3028,575.0
3029,578.812012
3030,599.75
3031,582.674988
3032,587.5
3033,577.5
3034,575.5
3035,595.0
3036,623.700012
3037,626.25
3038,582.75
3039,658.724976
3040,664.75
3041,658.125
3042,646.275024
3043,663.75
3044,629.5
3045,687.5
3046,656.0
3047,600.0
3048,617.5
3049,660.0
3050,651.25
3051,662.5
3052,691.25
3053,709.75
3054,692.0
3055,705.0
3056,644.25
3057,678.325012
3058,674.674988
3059,688.75
3060,687.5
3061,662.5
3062,671.5
3063,682.5
3064,720.0
3065,712.5
3066,721.2869870000001
3067,707.5
3068,692.5
3069,692.424988
3070,687.513
3071,714.049988
3072,723.75
3073,713.75
3074,709.75
3075,706.25
3076,722.049988
3077,737.5
3078,728.174988
3079,737.5
3080,726.25
3081,712.5
3082,713.75
3083,717.75
3084,721.174988
3085,701.25
3086,712.513
3087,696.25
3088,670.013
3089,678.75
3090,691.5
3091,700.0
3092,725.0
3093,721.75
3094,725.875
3095,722.5
3096,713.75
3097,713.0
3098,726.0
3099,743.700012
3100,762.625
3101,761.9119870000001
3102,758.75
3103,769.875
3104,789.75
3105,824.5
3106,777.5
3107,789.75
3108,743.75
3109,694.950012
3110,588.062012
3111,605.0
3112,647.5
3113,643.75
3114,641.25
3115,661.25
3116,636.299988
3117,618.0
3118,622.5
3119,634.0
3120,650.0
3121,639.974976
3122,630.0
3123,608.775024
3124,603.5
3125,570.25
3126,592.5
3127,612.5
3128,626.224976
3129,650.0
3130,647.5
3131,625.049988
3132,627.5
3133,610.575012
3134,623.75
3135,641.224976
3136,651.25
3137,645.0
3138,638.0
3139,599.950012
3140,580.0
3141,560.025024
3142,569.674988
3143,552.724976
3144,562.5
3145,604.700012
3146,572.5
3147,562.5
3148,565.275024
3149,562.450012
3150,562.5
3151,540.0
3152,553.75
3153,583.5
3154,572.5
3155,583.5
3156,576.25
3157,574.75
3158,598.75
3159,587.5
3160,596.25
3161,564.062012
3162,600.0
3163,588.75
3164,606.25
3165,635.0
3166,628.724976
3167,655.013
3168,670.049988
3169,657.424988
3170,650.25
3171,653.0
3172,650.0
3173,647.5
3174,657.75
3175,645.0
3176,662.5
3177,756.5
3178,668.775024
3179,650.0
3180,675.0
3181,670.0
3182,666.375
3183,627.763
3184,650.0
3185,630.0
3186,632.724976
3187,657.75
3188,656.25
3189,645.0
3190,658.75
3191,657.5
3192,635.0
3193,640.0
3194,626.25
3195,638.862
3196,624.724976
3197,607.0
3198,587.5
3199,602.25
3200,587.5
3201,574.75
3202,545.5
3203,562.5
3204,570.0
3205,562.513
3206,571.75
3207,587.5
3208,570.013
3209,587.5
3210,564.7130129999999
3211,565.013
3212,520.0
3213,511.25
3214,489.06201200000004
3215,536.25
3216,544.0
3217,545.0
3218,527.5
3219,509.924988
3220,532.5
3221,517.513
3222,522.513
3223,499.5
3224,500.0
3225,519.224976
3226,513.5
3227,500.0
3228,501.25
3229,497.537994
3230,509.5
3231,497.5
3232,537.25
3233,531.25
3234,542.5
3235,564.974976
3236,584.612
3237,537.513
3238,534.950012
3239,534.5
3240,553.700012
3241,542.513
3242,587.450012
3243,564.1619870000001
3244,572.5
3245,574.5
3246,562.424988
3247,562.7869870000001
3248,585.0
3249,582.450012
3250,584.0
3251,572.5
3252,556.25
3253,555.0
3254,565.312012
3255,549.875
3256,551.3380129999999
3257,554.75
3258,549.974976
3259,542.0
3260,535.0
3261,530.0
3262,535.0
3263,562.5
3264,526.25
3265,547.5
3266,536.25
3267,532.487
3268,517.5
3269,507.237
3270,472.424988
3271,450.0
3272,490.0
3273,450.5
3274,495.25
3275,525.0
3276,500.0
3277,497.513
3278,510.27499400000005
3279,504.5
3280,493.75
3281,472.47500599999995
3282,490.0
3283,489.75
3284,432.25
3285,415.28799399999997
3286,407.5
3287,399.924988
3288,389.5
3289,406.25
3290,397.513
3291,362.5
3292,350.0
3293,332.487
3294,337.5
3295,343.138
3296,317.75
3297,300.0
3298,256.78799399999997
3299,300.0
3300,316.237
3301,359.75
3302,362.5
3303,376.299988
3304,299.924988
3305,293.25
3306,312.575012
3307,320.024994
3308,300.0
3309,297.350006
3310,287.5
3311,275.513
3312,287.81201200000004
3313,271.25
3314,266.25
3315,294.138
3316,292.5
3317,266.66299399999997
3318,567.0
3319,280.0
3320,281.325012
3321,267.5
3322,275.138
3323,271.0
3324,293.75
3325,288.049988
3326,287.174988
3327,312.5
3328,310.0
3329,337.25
3330,337.5
3331,347.5
3332,335.0
3333,340.06201200000004
3334,326.25
3335,320.25
3336,312.75
3337,312.5
3338,300.0
3339,315.013
3340,313.5
3341,314.924988
3342,324.75
3343,340.0
3344,342.25
3345,302.5
3346,284.924988
3347,273.674988
3348,272.774994
3349,285.450012
3350,287.75
3351,306.149994
3352,304.200012
3353,290.0
3354,287.475006
3355,299.5
3356,296.5
3357,312.0
3358,321.25
3359,309.5
3360,322.5
3361,322.5
3362,328.75
3363,332.25
3364,325.0
3365,338.75
3366,347.225006
3367,341.25
3368,344.674988
3369,341.75
3370,346.112
3371,325.28799399999997
3372,316.75
3373,322.5
3374,314.013
3375,308.75
3376,316.25
3377,314.5
3378,322.350006
3379,307.174988
3380,307.5
3381,288.83700600000003
3382,302.0
3383,282.5
3384,290.25
3385,295.25
3386,307.475006
3387,321.06201200000004
3388,332.5
3389,328.774994
3390,334.5
3391,334.75
3392,338.5
3393,362.513
3394,362.5
3395,387.424988
3396,388.5
3397,380.274994
3398,383.75
3399,380.75
3400,402.5
3401,425.0
3402,409.987
3403,437.5
3404,439.987
3405,437.5
3406,452.77499400000005
3407,437.52499400000005
3408,430.0
3409,423.75
3410,430.0
3411,429.25
3412,437.5
3413,447.75
3414,445.25
3415,437.75
3416,452.549988
3417,462.75
3418,471.25
3419,472.25
3420,462.5
3421,480.0
3422,479.75
3423,462.487
3424,493.06201200000004
3425,475.56201200000004
3426,478.75
3427,536.75
3428,612.5
3429,550.0
3430,536.25
3431,524.950012
3432,550.0
3433,545.025024
3434,543.0
3435,545.0
3436,561.200012
3437,582.5
3438,575.025024
3439,565.325012
3440,556.200012
3441,568.75
3442,551.75
3443,547.0
3444,572.75
3445,580.0
3446,577.5
3447,589.924988
3448,537.5
3449,531.450012
3450,514.5
3451,511.25
3452,511.924988
3453,475.0
3454,506.25
3455,500.299988
3456,491.537994
3457,506.5
3458,525.0
3459,507.47500599999995
3460,545.75
3461,500.0
3462,512.0
3463,475.25
3464,463.862
3465,458.75
3466,463.25
3467,437.424988
3468,443.5
3469,462.5
3470,475.25
3471,486.27499400000005
3472,490.0
3473,522.174988
3474,506.25
3475,497.5
3476,512.5
3477,487.5
3478,486.75
3479,475.0
3480,480.0
3481,478.75
3482,492.22500599999995
3483,508.25
3484,508.75
3485,510.912994
3486,509.125
3487,507.612
3488,498.25
3489,493.737
3490,506.25
3491,506.75
3492,502.25
3493,480.924988
3494,485.0
3495,475.0
3496,472.0
3497,490.0
3498,491.299988
3499,506.513
3500,508.5
3501,512.5
3502,516.0
3503,506.200012
3504,492.25
3505,495.0
3506,484.5
3507,496.25
3508,503.75
3509,518.75
3510,547.513
3511,541.25
3512,533.75
3513,535.5
3514,549.0
3515,546.25
3516,520.0
3517,532.174988
3518,524.25
3519,522.5
3520,521.099976
3521,536.375
3522,546.0
3523,549.974976
3524,539.974976
3525,539.987
3526,537.375
3527,550.0
3528,532.1619870000001
3529,530.0
3530,540.5
3531,543.75
3532,549.75
3533,542.5
3534,561.25
3535,544.75
3536,545.5
3537,536.549988
3538,512.5
3539,500.5
3540,496.263
3541,500.25
3542,500.263
3543,480.013
3544,462.5
3545,477.287994
3546,482.5
3547,493.75
3548,510.0
3549,517.0
3550,531.25
3551,522.5
3552,537.25
3553,540.0
3554,540.5
3555,524.687988
3556,520.0
3557,540.0
3558,548.0
3559,546.437988
3560,555.5
3561,525.0
3562,531.25
3563,537.5
3564,552.625
3565,552.450012
3566,545.5
3567,544.0
3568,530.0
3569,535.0
3570,536.849976
3571,540.0
3572,534.0
3573,534.0
3574,524.950012
3575,527.400024
3576,517.5
3577,500.5
3578,509.10000599999995
3579,511.9038507692307
3580,514.7076955384615
3581,528.7269193846154
3582,531.5307641538461
3583,534.3346089230769
3584,545.549988
3585,574.950012
3586,539.950012
3587,544.0
3588,554.0
3589,567.349976
3590,547.5
3591,544.0
3592,543.0
3593,562.900024
3594,553.5
3595,550.0
3596,547.5
3597,537.5
3598,520.5
3599,524.825012
3600,517.0
3601,520.0
3602,516.450012
3603,518.75
3604,526.0
3605,515.549988
3606,519.0
3607,487.5
3608,489.1666666666667
3609,492.5
3610,496.875
3611,499.950012
3612,494.625
3613,513.5
3614,505.049988
3615,512.5
3616,515.0
3617,497.5
3618,497.64999400000005
3619,487.0
3620,485.0
3621,490.049988
3622,484.5
3623,492.5
3624,494.0
3625,520.0
3626,511.0
3627,510.60000599999995
3628,503.25
3629,497.5
3630,505.0
3631,507.5
3632,511.0
3633,516.0
3634,537.400024
3635,537.0
3636,539.400024
3637,531.0
3638,538.974976
3639,548.0
3640,548.5
3641,551.849976
3642,548.0
3643,546.450012
3644,539.0
3645,548.25
3646,564.0
3647,562.5
3648,566.5
3649,554.099976
3650,572.5
3651,564.0
3652,562.5
3653,543.049988
3654,539.900024
3655,534.924988
3656,535.0
3657,525.25
3658,540.0
3659,540.0
3660,531.5
3661,526.974976
3662,512.0
3663,520.0
3664,513.0
3665,512.099976
3666,505.0
3667,509.89999400000005
3668,488.0
3669,525.5
3670,544.5
3671,538.025024
3672,531.0
3673,533.849976
3674,517.349976
3675,510.0
3676,508.5
3677,500.5
3678,494.950012
3679,509.0
3680,512.5
3681,497.450012
3682,505.5
3683,514.974976
3684,515.075012
3685,521.650024
3686,507.5
3687,509.950012
3688,515.5
3689,507.5
3690,504.85000599999995
3691,500.10000599999995
3692,505.0
3693,512.5
3694,527.450012
3695,532.599976
3696,535.0
3697,531.650024
3698,540.099976
3699,530.5
3700,531.5
3701,529.849976
3702,529.5
3703,525.0
3704,537.0
3705,545.5
3706,530.0
3707,542.0
3708,538.0
3709,535.0
3710,532.75
3711,537.0
3712,530.0
3713,531.974976
3714,530.0
3715,528.625
3716,540.0
3717,535.974976
3718,535.525024
3719,529.049988
3720,528.5
3721,529.450012
3722,529.200012
3723,531.974976
3724,531.75
3725,529.424988
3726,531.5
3727,514.25
3728,507.47500599999995
3729,508.0
3730,509.575012
3731,514.0
3732,509.97500599999995
3733,504.450012
3734,500.0
3735,495.5
3736,494.89999400000005
3737,490.0
3738,485.25
3739,490.0
3740,490.0
3741,486.5
3742,481.85000599999995
3743,488.60000599999995
3744,496.02499400000005
3745,488.450012
3746,485.0
3747,485.0
3748,479.450012
3749,476.049988
3750,472.325012
3751,462.52499400000005
3752,472.5
3753,470.0
3754,465.47500599999995
3755,477.5
3756,477.549988
3757,481.47500599999995
3758,486.0
3759,497.75
3760,494.5
3761,506.049988
3762,502.5
3763,514.5
3764,521.0
3765,517.0
3766,510.02499400000005
3767,500.0
3768,504.0
3769,504.14999400000005
3770,500.0
3771,501.0
3772,496.0
3773,507.47500599999995
3774,508.0
3775,515.0
3776,522.474976
3777,523.349976
3778,528.0
3779,534.0
3780,528.049988
3781,537.5
3782,530.0
3783,521.125
3784,532.5
3785,519.700012
3786,526.0
3787,542.724976
3788,544.0
3789,545.450012
3790,549.0
3791,549.700012
3792,543.849976
3793,560.5
3794,547.700012
3795,541.0
3796,538.950012
3797,556.950012
3798,556.125
3799,553.349976
3800,553.0
3801,540.075012
3802,533.549988
3803,529.5
3804,524.900024
3805,518.0
3806,501.75
3807,502.325012
3808,499.5
3809,501.0
3810,492.5
3811,484.75
3812,499.89999400000005
3813,492.5
3814,499.5
3815,507.0
3816,507.924988
3817,510.0
3818,512.450012
3819,512.275024
3820,493.39999400000005
3821,512.025024
3822,521.5
3823,527.0
3824,528.849976
3825,522.5
3826,529.950012
3827,536.400024
3828,528.900024
3829,526.5
3830,529.150024
3831,528.150024
3832,524.150024
3833,526.200012
3834,529.025024
3835,532.5
3836,530.0
3837,540.0
3838,539.0
3839,540.650024
3840,532.700012
3841,520.0
3842,510.325012
3843,515.0
3844,507.02499400000005
3845,501.5
3846,502.424988
3847,499.799988
3848,488.799988
3849,487.5
3850,497.549988
3851,488.549988
3852,483.0
3853,472.5
3854,454.424988
3855,462.549988
3856,455.0
3857,464.0
3858,473.700012
3859,462.85000599999995
3860,467.85000599999995
3861,454.200012
3862,456.25
3863,449.97500599999995
3864,453.049988
3865,457.200012
3866,469.14999400000005
3867,473.924988
3868,478.02499400000005
3869,468.049988
3870,496.0
3871,493.200012
3872,498.0
3873,490.35000599999995
3874,485.10000599999995
3875,486.85000599999995
3876,487.60000599999995
3877,492.325012
3878,487.049988
3879,489.0
3880,494.35000599999995
3881,496.35000599999995
3882,489.39999400000005
3883,496.47500599999995
3884,498.97500599999995
3885,522.5
3886,519.650024
3887,517.5
3888,499.52499400000005
3889,496.52499400000005
3890,499.924988
3891,507.950012
3892,511.950012
3893,513.125
3894,510.0
3895,513.75
3896,517.25
3897,524.525024
3898,520.0
3899,526.25
3900,522.5
3901,522.525024
3902,521.0
3903,506.5
3904,500.924988
3905,509.325012
3906,509.60000599999995
3907,502.35000599999995
3908,508.0
3909,517.400024
3910,507.0
3911,504.5
3912,502.5
3913,496.0
3914,487.5
3915,491.950012
3916,482.549988
3917,472.5
3918,472.5
3919,476.5
3920,480.0
3921,479.64999400000005
3922,477.0
3923,475.75
3924,472.625
3925,475.0
3926,472.825012
3927,460.0
3928,454.200012
3929,459.22500599999995
3930,459.5
3931,453.0
3932,457.049988
3933,456.299988
3934,467.049988
3935,474.47500599999995
3936,472.5
3937,476.0
3938,468.27499400000005
3939,480.25
3940,467.325012
3941,466.77499400000005
3942,477.625
3943,473.75
3944,477.549988
3945,471.625
3946,462.64999400000005
3947,456.0
3948,450.5
3949,445.64999400000005
3950,437.5
3951,419.950012
3952,426.674988
3953,423.27499400000005
3954,437.075012
3955,433.35000599999995
3956,439.450012
3957,437.85000599999995
3958,444.35000599999995
3959,453.5
3960,437.200012
3961,434.64999400000005
3962,424.424988
3963,429.0
3964,436.5
3965,427.0
3966,423.75
3967,426.52499400000005
3968,431.64999400000005
3969,433.85000599999995
3970,435.950012
3971,433.75
3972,443.0
3973,437.97500599999995
3974,433.0
3975,446.0
3976,444.125
3977,437.5
3978,427.5
3979,420.0
3980,419.0
3981,413.774994
3982,413.375
3983,414.0
3984,399.75
3985,388.350006
3986,376.5
3987,392.674988
3988,384.174988
3989,391.5
3990,380.0
3991,380.25
3992,378.850006
3993,365.524994
3994,365.5
3995,380.174988
3996,382.0
3997,380.799988
3998,375.5
3999,365.549988
4000,382.5
4001,398.350006
4002,397.25
4003,391.600006
4004,412.0
4005,416.75
4006,426.075012
4007,405.174988
4008,406.600006
4009,406.950012
4010,416.5
4011,425.0
4012,412.5
4013,411.5
4014,425.450012
4015,411.975006
4016,386.950012
4017,384.600006
4018,387.0
4019,399.875
4020,395.25
4021,401.75
4022,395.600006
4023,392.0
4024,386.274994
4025,393.350006
4026,402.125
4027,417.5
4028,414.700012
4029,425.0
4030,421.0
4031,433.5
4032,412.5
4033,412.75
4034,417.424988
4035,420.0
4036,424.0
4037,427.5
4038,449.85000599999995
4039,449.0
4040,435.25
4041,427.5
4042,433.875
4043,452.5
4044,439.5
4045,445.02499400000005
4046,429.5
4047,445.700012
4048,435.5
4049,429.549988
4050,422.52499400000005
4051,400.149994
4052,400.0
4053,394.049988
4054,394.950012
4055,387.5
4056,384.850006
4057,382.5
4058,391.0
4059,378.350006
4060,399.5
4061,398.5
4062,404.174988
4063,403.5
4064,401.0
4065,384.950012
4066,380.274994
4067,361.950012
4068,369.0
4069,365.950012
4070,374.5
4071,359.600006
4072,370.850006
4073,363.5
4074,370.674988
4075,380.0
4076,373.524994
4077,383.0
4078,378.850006
4079,366.825012
4080,356.5
4081,348.399994
4082,356.125
4083,363.700012
4084,357.5
4085,348.524994
4086,351.424998
4087,357.225006
4088,356.0
4089,368.950012
4090,373.75
4091,371.0
4092,364.975006
4093,358.0
4094,381.0
4095,394.5
4096,395.0
4097,377.649994
4098,387.299988
4099,394.350006
4100,400.0
4101,406.950012
4102,402.25
4103,409.450012
4104,417.5
4105,415.0
4106,422.950012
4107,421.0
4108,423.5
4109,428.375
4110,425.174988
4111,420.549988
4112,423.450012
4113,427.10000599999995
4114,415.5
4115,411.024994
4116,408.75
4117,424.0
4118,416.0
4119,416.75
4120,410.899994
4121,394.524994
4122,402.524994
4123,405.899994
4124,408.125
4125,407.424998
4126,406.024994
4127,398.5
4128,388.274994
4129,387.649994
4130,395.0
4131,401.725006
4132,414.0
4133,409.0
4134,390.0
4135,390.5
4136,378.049988
4137,380.0
4138,382.950012
4139,371.899994
4140,371.950012
4141,369.0
4142,365.0
4143,359.0
4144,364.75
4145,374.674988
4146,372.125
4147,372.5
4148,370.024994
4149,373.0
4150,369.5
4151,366.649994
4152,373.024994
4153,373.549988
4154,377.399994
4155,375.0
4156,376.950012
4157,370.024994
4158,362.924988
4159,369.5
4160,367.049988
4161,368.549988
4162,370.649994
4163,368.75
4164,373.950012
4165,369.25
4166,366.700012
4167,357.5
4168,359.0
4169,351.0
4170,348.625
4171,346.5
4172,349.0
4173,339.5
4174,337.5
4175,340.125
4176,338.450012
4177,343.25
4178,352.299988
4179,342.600006
4180,347.0
4181,347.5
4182,346.0
4183,351.100006
4184,349.825012
4185,348.5
4186,353.674988
4187,338.5
4188,348.0
4189,352.225006
4190,360.524994
4191,359.0
4192,366.350006
4193,357.5
4194,361.125
4195,358.0
4196,359.25
4197,365.174988
4198,358.5
4199,369.0
4200,367.0
4201,356.774994
4202,357.100006
4203,358.75
4204,363.200012
4205,362.200012
4206,362.549988
4207,367.75
4208,369.975006
4209,370.0
4210,367.475006
4211,369.0
4212,364.5
4213,365.725006
4214,366.725006
4215,360.950012
4216,360.0
4217,360.0
4218,362.399994
4219,359.0
4220,360.100006
4221,361.149994
4222,357.5
4223,360.5
4224,360.200012
4225,360.450012
4226,359.5
4227,361.5
4228,365.799988
4229,370.125
4230,371.049988
4231,367.5
4232,374.024994
4233,393.024994
4234,392.524994
4235,394.450012
4236,388.825012
4237,389.75
4238,393.950012
4239,401.024994
4240,408.950012
4241,408.0
4242,404.600006
4243,405.274994
4244,395.875
4245,393.0
4246,393.424988
4247,395.5
4248,389.875
4249,390.0
4250,384.0
4251,381.975006
4252,387.625
4253,383.149994
4254,389.350006
4255,392.900004
4256,400.0
4257,394.75
4258,396.75
4259,399.049988
4260,406.5
4261,424.049988
4262,435.10000599999995
4263,420.35000599999995
4264,416.5
4265,425.0
4266,419.0
4267,419.0
4268,422.60000599999995
4269,418.5
4270,420.0
4271,417.225006
4272,425.27499400000005
4273,429.950012
4274,427.27499400000005
4275,412.75
4276,405.5
4277,409.5
4278,409.399994
4279,409.5
4280,419.450012
4281,408.024994
4282,403.625
4283,403.850006
4284,397.600006
4285,406.75
4286,405.049988
4287,401.174988
4288,405.0
4289,401.575012
4290,397.5
4291,406.0
4292,401.825012
4293,402.0
4294,401.0
4295,396.5
4296,396.674988
4297,394.174988
4298,392.924988
4299,394.424988
4300,393.700012
4301,387.625
4302,390.350006
4303,383.25
4304,386.524994
4305,383.0
4306,387.450012
4307,388.5
4308,393.0
4309,398.024994
4310,397.5
4311,403.075012
4312,414.125
4313,417.975006
4314,420.52499400000005
4315,417.299988
4316,416.0
4317,412.5
4318,416.299988
4319,417.25
4320,417.25
4321,417.25
4322,417.600006
4323,420.97500599999995
4324,416.5
4325,412.799988
4326,411.0
4327,415.149994
4328,411.75
4329,420.14999400000005
4330,422.0
4331,422.0
4332,424.299988
4333,430.950012
4334,432.85000599999995
4335,427.549988
4336,426.200012
4337,428.875
4338,426.25
4339,420.5
4340,423.075012
4341,423.02499400000005
4342,431.049988
4343,447.5
4344,469.049988
4345,460.0
4346,461.049988
4347,462.5
4348,458.125
4349,455.674988
4350,447.5
4351,443.75
4352,448.325012
4353,445.674988
4354,448.02499400000005
4355,442.0
4356,440.22500599999995
4357,435.799988
4358,434.97500599999995
4359,432.5
4360,434.299988
4361,442.0
4362,440.0
4363,427.450012
4364,424.0
4365,424.5
4366,428.97500599999995
4367,434.5
4368,429.25
4369,432.0
4370,424.85000599999995
4371,415.0
4372,418.600006
4373,408.0
4374,404.450012
4375,409.549988
4376,415.950012
4377,415.625
4378,421.5
4379,426.049988
4380,425.25
4381,421.10000599999995
4382,422.0
4383,432.375
4384,417.5
4385,418.299988
4386,414.700012
4387,412.5
4388,404.149994
4389,410.299988
4390,401.25
4391,392.5
4392,390.5
4393,390.100006
4394,398.899994
4395,386.25
4396,384.5
4397,389.049988
4398,396.049988
4399,390.049988
4400,392.0
4401,383.5
4402,386.524994
4403,398.5
4404,402.924988
4405,388.25
4406,393.0
4407,395.75
4408,403.799988
4409,406.5
4410,396.549988
4411,396.825012
4412,393.700012
4413,401.5
4414,401.100006
4415,410.75
4416,415.049988
4417,414.200012
4418,407.350006
4419,406.674988
4420,400.274994
4421,401.0
4422,408.0
4423,420.325012
4424,418.700012
4425,415.549988
4426,415.049988
4427,405.825012
4428,396.700012
4429,401.375
4430,415.0
4431,420.25
4432,422.5
4433,417.049988
4434,401.850006
4435,395.299988
4436,390.25
4437,400.0
4438,397.100006
4439,394.5
4440,391.75
4441,391.524994
4442,391.5
4443,398.100006
4444,407.75
4445,411.850006
4446,411.0
4447,408.950012
4448,399.950012
4449,395.0
4450,399.850006
4451,404.725006
4452,408.25
4453,434.75
4454,431.0
4455,441.549988
4456,430.25
4457,426.549988
4458,433.174988
4459,435.0
4460,434.549988
4461,437.125
4462,432.5
4463,437.125
4464,443.0
4465,443.5
4466,451.5
4467,459.0
4468,459.52499400000005
4469,457.5
4470,456.02499400000005
4471,454.0
4472,452.97500599999995
4473,446.10000599999995
4474,443.52499400000005
4475,443.52499400000005
4476,429.325012
4477,437.575012
4478,430.0
4479,430.0
4480,429.22500599999995
4481,422.5
4482,433.674988
4483,434.5
4484,421.5
4485,428.0
4486,432.5
4487,411.5
4488,405.549988
4489,416.5
4490,391.225006
4491,406.850006
4492,411.25
4493,407.0
4494,397.549988
4495,408.0
4496,421.89999400000005
4497,426.60000599999995
4498,444.10000599999995
4499,416.875
4500,431.5
4501,435.0
4502,436.450012
4503,444.5
4504,444.0
4505,434.0
4506,442.97500599999995
4507,428.174988
4508,430.25
4509,444.02499400000005
4510,443.0
4511,436.02499400000005
4512,436.0
4513,436.200012
4514,423.325012
4515,421.0
4516,416.024994
4517,413.149994
4518,411.700012
4519,420.27499400000005
4520,423.799988
4521,424.85000599999995
4522,419.97500599999995
4523,429.5
4524,432.5
4525,432.5
4526,448.64999400000005
4527,435.0
4528,440.799988
4529,452.825012
4530,453.700012
4531,452.60000599999995
4532,446.02499400000005
4533,442.049988
4534,444.0
4535,444.549988
4536,448.25
4537,450.0
4538,455.049988
4539,451.674988
4540,455.0
4541,449.5
4542,443.0
4543,437.0
4544,432.5
4545,424.950012
4546,425.625
4547,429.049988
4548,437.5
4549,437.424988
4550,429.950012
4551,425.5
4552,423.674988
4553,425.25
4554,422.25
4555,421.549988
4556,425.47500599999995
4557,426.5
4558,427.5
4559,430.450012
4560,436.0
4561,435.075012
4562,441.049988
4563,439.25
4564,441.25
4565,439.0
4566,433.5
4567,430.0
4568,424.35000599999995
4569,419.60000599999995
4570,432.200012
4571,436.0
4572,449.5
4573,448.25
4574,447.25
4575,444.299988
4576,440.5
4577,444.0
4578,448.72500599999995
4579,443.85000599999995
4580,435.799988
4581,431.049988
4582,427.299988
4583,422.200012
4584,425.22500599999995
4585,424.174988
4586,434.125
4587,439.25
4588,442.35000599999995
4589,444.35000599999995
4590,444.575012
4591,443.450012
4592,436.325012
4593,431.75
4594,430.299988
4595,431.0
4596,428.0
4597,423.5
4598,424.89999400000005
4599,415.700012
4600,413.5
4601,413.100006
4602,407.25
4603,410.049988
4604,410.0
4605,411.049988
4606,407.625
4607,411.5
4608,404.0
4609,409.450012
4610,405.950012
4611,408.825012
4612,403.549988
4613,406.5
4614,405.649994
4615,403.549988
4616,404.024994
4617,407.149994
4618,405.5
4619,405.350006
4620,400.049988
4621,401.5
4622,407.774994
4623,404.674988
4624,412.5
4625,432.549988
4626,442.5
4627,437.0
4628,437.5
4629,437.0
4630,444.75
4631,450.0
4632,450.799988
4633,453.5
4634,450.875
4635,445.625
4636,439.5
4637,440.625
4638,447.424988
4639,450.0
4640,458.125
4641,468.0
4642,472.5
4643,478.39999400000005
4644,476.0
4645,472.0
4646,475.0
4647,482.35000599999995
4648,481.14999400000005
4649,475.0
4650,473.25
4651,472.5
4652,484.97500599999995
4653,480.0
4654,484.5
4655,483.575012
4656,484.0
4657,474.89999400000005
4658,473.02499400000005
4659,471.950012
4660,470.0
4661,462.5
4662,473.950012
4663,480.049988
4664,481.549988
4665,477.89999400000005
4666,497.450012
4667,520.0
4668,532.0
4669,522.75
4670,545.049988
4671,545.5
4672,563.950012
4673,539.924988
4674,543.0
4675,555.775024
4676,566.25
4677,551.5
4678,544.799988
4679,546.25
4680,542.5
4681,537.375
4682,541.650024
4683,546.325012
4684,539.25
4685,553.700012
4686,565.0
4687,565.224976
4688,560.0
4689,549.275024
4690,550.150024
4691,542.0
4692,529.049988
4693,544.0
4694,537.0
4695,522.950012
4696,518.5
4697,522.5
4698,528.825012
4699,512.5
4700,505.0
4701,506.27499400000005
4702,508.60000599999995
4703,508.5
4704,510.0
4705,502.5
4706,516.5
4707,513.0
4708,501.0
4709,500.125
4710,497.60000599999995
4711,484.299988
4712,481.700012
4713,487.0
4714,494.0
4715,490.0
4716,500.0
4717,502.0
4718,517.525024
4719,515.0
4720,520.950012
4721,510.5
4722,502.0
4723,503.97500599999995
4724,497.5
4725,490.5
4726,492.549988
4727,492.450012
4728,494.5
4729,489.77499400000005
4730,492.575012
4731,493.0
4732,491.64999400000005
4733,497.5
4734,500.549988
4735,507.5
4736,505.5
4737,500.0
4738,500.049988
4739,500.0
4740,498.0
4741,498.60000599999995
4742,497.299988
4743,502.174988
4744,509.25
4745,512.575012
4746,514.5
4747,513.849976
4748,516.950012
4749,516.049988
4750,514.075012
4751,510.14999400000005
4752,509.25
4753,504.549988
4754,500.700012
4755,492.450012
4756,492.5
4757,503.0
4758,496.5
4759,495.85000599999995
4760,484.25
4761,483.049988
4762,464.5
4763,468.47500599999995
4764,464.0
4765,471.799988
4766,463.625
4767,460.575012
4768,469.10000599999995
4769,473.5
4770,480.89999400000005
4771,489.5
4772,480.625
4773,475.825012
4774,468.0
4775,469.25
4776,467.125
4777,467.549988
4778,481.97500599999995
4779,470.549988
4780,468.299988
4781,474.0
4782,490.924988
4783,502.0
4784,501.0
4785,495.22500599999995
4786,491.39999400000005
4787,486.200012
4788,490.97500599999995
4789,487.0
4790,484.5
4791,483.0
4792,492.72500599999995
4793,494.325012
4794,489.0
4795,490.10000599999995
4796,500.10000599999995
4797,492.549988
4798,495.97500599999995
4799,495.0
4800,494.85000599999995
4801,494.5
4802,481.0
4803,479.27499400000005
4804,484.049988
4805,480.5
4806,480.0
4807,470.5
4808,465.72500599999995
4809,464.5
4810,453.5
4811,438.97500599999995
4812,438.39999400000005
4813,432.625
4814,440.77499400000005
4815,442.549988
4816,451.0
4817,451.174988
4818,446.875
4819,443.299988
4820,444.25
4821,448.549988
4822,440.0
4823,443.14999400000005
4824,444.049988
4825,442.5
4826,435.0
4827,418.549988
4828,430.049988
4829,424.200012
4830,430.25
4831,426.5
4832,421.5
4833,420.0
4834,430.0
4835,435.10000599999995
4836,440.75
4837,452.5
4838,452.575012
4839,445.0
4840,446.450012
4841,443.049988
4842,453.549988
4843,465.0
4844,458.02499400000005
4845,456.60000599999995
4846,469.549988
4847,468.0
4848,462.049988
4849,450.60000599999995
4850,449.0
4851,443.0
4852,454.0
4853,457.0
4854,459.35000599999995
4855,450.0
4856,453.47500599999995
4857,447.625
4858,434.97500599999995
4859,427.125
4860,424.39999400000005
4861,423.049988
4862,423.77499400000005
4863,427.34999600000003
4864,434.5
4865,434.5
4866,453.0
4867,446.25
4868,442.549988
4869,434.47500599999995
4870,430.47500599999995
4871,429.0
4872,434.5
4873,425.75
4874,425.27499400000005
4875,428.5
4876,437.77499400000005
4877,428.950012
4878,428.25
4879,421.049988
4880,424.5
4881,420.549988
4882,416.950012
4883,408.299988
4884,409.0
4885,412.450012
4886,418.0
4887,413.024994
4888,416.75
4889,432.75
4890,447.47500599999995
4891,453.39999400000005
4892,460.5
4893,462.25
4894,467.52499400000005
4895,468.64999400000005
4896,445.075012
4897,440.950012
4898,441.924988
4899,438.5
4900,440.02499400000005
4901,437.35000599999995
4902,431.0
4903,425.0
4904,433.10000599999995
4905,446.85000599999995
4906,445.0
4907,437.5
4908,435.5
4909,446.424988
4910,447.450012
4911,436.674988
4912,443.0
4913,440.950012
4914,437.450012
4915,445.625
4916,450.200012
4917,455.625
4918,448.5
4919,450.0
4920,447.5
4921,443.0
4922,442.924988
4923,439.950012
4924,440.0
4925,452.875
4926,449.5
4927,452.10000599999995
4928,454.950012
4929,453.39999400000005
4930,441.77499400000005
4931,443.0
4932,453.0
4933,439.5
4934,447.450012
4935,449.5
4936,452.52499400000005
4937,466.27499400000005
4938,491.25
4939,498.47500599999995
4940,496.325012
4941,497.5
4942,493.5
4943,499.950012
4944,493.950012
4945,494.950012
4946,500.5
4947,504.5
4948,504.875
4949,498.049988
4950,505.5
4951,497.924988
4952,498.0
4953,495.549988
4954,500.89999400000005
4955,504.450012
4956,499.875
4957,506.0
4958,512.625
4959,513.900024
4960,514.0
4961,502.5
4962,526.75
4963,524.0
4964,512.450012
4965,504.14999400000005
4966,504.75
4967,500.049988
4968,500.0
4969,500.5
4970,501.700012
4971,494.125
4972,495.5
4973,489.5
4974,492.25
4975,485.5
4976,481.799988
4977,473.5
4978,470.125
4979,483.0
4980,478.0
4981,472.0
4982,479.97500599999995
4983,455.0
4984,440.0
4985,420.424988
4986,423.89999400000005
4987,433.39999400000005
4988,437.5
4989,436.424988
4990,426.950012
4991,425.0
4992,427.02499400000005
4993,424.85000599999995
4994,419.125
4995,418.0
4996,430.5
4997,430.5
4998,436.0
4999,430.875
5000,431.0
5001,436.049988
5002,439.22500599999995
5003,440.0
5004,440.0
5005,421.5
5006,424.0
5007,419.89999400000005
5008,415.0
5009,425.5
5010,436.97500599999995
5011,431.39999400000005
5012,447.825012
5013,447.35000599999995
5014,457.450012
5015,447.02499400000005
5016,444.0
5017,442.52499400000005
5018,447.89999400000005
5019,453.85000599999995
5020,452.25
5021,470.5
5022,482.5
5023,477.75
5024,481.97500599999995
5025,480.950012
5026,469.39999400000005
5027,468.450012
5028,468.0
5029,471.049988
5030,474.5
5031,481.625
5032,484.0
5033,474.5
5034,469.72500599999995
5035,466.75
5036,478.5
5037,457.52499400000005
5038,463.0
5039,469.02499400000005
5040,463.799988
5041,459.450012
5042,467.0
5043,475.0
5044,476.5
5045,485.5
5046,494.5
5047,489.25
5048,482.0
5049,483.125
5050,487.450012
5051,486.14999400000005
5052,482.72500599999995
5053,474.450012
5054,468.10000599999995
5055,461.25
5056,475.875
5057,473.799988
5058,478.5
5059,487.950012
5060,490.02499400000005
5061,501.89999400000005
5062,493.950012
5063,496.39999400000005
5064,495.89999400000005
5065,501.950012
5066,500.299988
5067,505.200012
5068,507.5
5069,501.700012
5070,504.89999400000005
5071,502.5
5072,500.14999400000005
5073,503.799988
5074,510.52499400000005
5075,510.0
5076,507.97500599999995
5077,527.5
5078,526.549988
5079,531.924988
5080,534.875
5081,537.5
5082,514.5
5083,517.450012
5084,508.77499400000005
5085,497.02499400000005
5086,505.0
5087,504.049988
5088,500.5
5089,509.47500599999995
5090,519.974976
5091,515.150024
5092,494.0
5093,494.0
5094,489.549988
5095,485.549988
5096,476.450012
5097,475.85000599999995
5098,481.424988
5099,466.950012
5100,459.0
5101,475.549988
5102,467.549988
5103,481.47500599999995
5104,470.0
5105,472.049988
5106,481.549988
5107,472.450012
5108,477.10000599999995
5109,476.5
5110,475.64999400000005
5111,482.35000599999995
5112,496.450012
5113,505.0
5114,507.0
5115,503.75
5116,510.0
5117,521.025024
5118,507.450012
5119,509.549988
5120,512.0
5121,510.5
5122,513.5
5123,509.125
5124,513.974976
5125,518.5
5126,523.450012
5127,515.0
5128,511.89999400000005
5129,521.349976
5130,520.5
5131,519.549988
5132,520.0
5133,515.674988
5134,516.049988
5135,517.450012
5136,517.950012
5137,518.5
5138,520.150024
5139,526.275024
5140,532.900024
5141,534.599976
5142,520.700012
5143,519.5
5144,522.224976
5145,507.700012
5146,508.950012
5147,507.0
5148,496.72500599999995
5149,489.5
5150,494.0
5151,487.02499400000005
5152,490.0
5153,486.5
5154,487.5
5155,491.549988
5156,485.89999400000005
5157,488.0
5158,494.47500599999995
5159,488.5
5160,490.125
5161,482.950012
5162,485.85000599999995
5163,476.0
5164,468.674988
5165,464.02499400000005
5166,474.924988
5167,475.0
5168,474.52499400000005
5169,488.200012
5170,484.5
5171,478.97500599999995
5172,477.25
5173,480.0
5174,480.5
5175,478.625
5176,479.0
5177,480.0
5178,487.0
5179,484.950012
5180,490.47500599999995
5181,490.0
5182,490.5
5183,488.5
5184,486.075012
5185,497.049988
5186,492.5
5187,489.97500599999995
5188,482.450012
5189,470.25
5190,478.200012
5191,481.0
5192,486.0
5193,486.375
5194,487.75
5195,493.049988
5196,496.25
5197,493.5
5198,495.5
5199,497.625
5200,502.60000599999995
5201,504.049988
5202,504.5
5203,514.0
5204,503.0
5205,509.97500599999995
5206,512.0
5207,503.0
5208,507.0
5209,511.5
5210,511.52499400000005
5211,507.47500599999995
5212,512.0
5213,509.0
5214,504.0
5215,507.200012
5216,499.5
5217,499.0
5218,509.950012
5219,513.5
5220,515.625
5221,500.97500599999995
5222,508.5
5223,518.125
5224,512.049988
5225,508.0
5226,509.0
5227,506.0
5228,506.0
5229,505.85000599999995
5230,510.60000599999995
5231,508.950012
5232,513.625
5233,531.0
5234,532.450012
5235,526.5
5236,515.549988
5237,509.950012
5238,511.0
5239,511.52499400000005
5240,517.5
5241,515.200012
5242,524.0
5243,523.5
5244,533.5
5245,536.275024
5246,542.0
5247,537.0
5248,541.5
5249,544.5
5250,551.700012
5251,558.5
5252,553.950012
5253,547.5
5254,534.0
5255,543.5
5256,546.525024
5257,552.0
5258,546.0
5259,557.0
5260,557.0
5261,544.5
5262,531.5
5263,540.0
5264,533.0
5265,542.224976
5266,546.974976
5267,548.5
5268,535.0
5269,532.5
5270,528.025024
5271,525.549988
5272,525.0
5273,525.650024
5274,520.5
5275,511.924988
5276,510.125
5277,507.0
5278,502.85000599999995
5279,475.0
5280,509.299988
5281,498.924988
5282,498.25
5283,497.5
5284,493.0
5285,492.5
5286,493.77499400000005
5287,498.85000599999995
5288,502.5
5289,502.77499400000005
5290,495.0
5291,496.5
5292,494.5
5293,499.97500599999995
5294,500.0
5295,497.950012
5296,497.5
5297,498.0
5298,502.0
5299,502.52499400000005
5300,511.0
5301,510.25
5302,514.0
5303,519.900024
5304,526.200012
5305,526.0
5306,527.5
5307,527.349976
5308,530.049988
5309,529.0
5310,526.0
5311,527.174988
5312,523.924988
5313,533.950012
5314,525.0
5315,532.400024
5316,542.0
5317,544.924988
5318,546.450012
5319,535.5
5320,537.099976
5321,538.5
5322,540.0
5323,547.5
5324,543.5
5325,542.275024
5326,544.974976
5327,532.5
5328,521.299988
5329,517.575012
5330,516.974976
5331,510.89999400000005
5332,508.5
5333,516.0
5334,510.125
5335,512.474976
5336,523.424988
5337,523.049988
5338,525.0
5339,523.0
5340,518.5
5341,521.0
5342,515.450012
5343,514.0
5344,517.5
5345,516.5
5346,517.5
5347,526.450012
5348,526.275024
5349,533.25
5350,535.275024
5351,537.599976
5352,546.5
5353,606.799988
5354,595.25
5355,616.0
5356,620.049988
5357,618.950012
5358,620.775024
5359,634.5
5360,659.424988
5361,653.849976
5362,645.0
5363,645.125
5364,659.375
5365,645.525024
5366,655.0
5367,654.0
5368,653.0
5369,641.099976
5370,626.0
5371,631.575012
5372,637.049988
5373,635.549988
5374,629.0
5375,625.849976
5376,627.5
5377,633.0
5378,671.0
5379,697.599976
5380,704.5
5381,710.650024
5382,705.0
5383,693.924988
5384,691.400024
5385,677.0
5386,682.5
5387,699.974976
5388,684.5
5389,689.5
5390,690.25
5391,704.525024
5392,730.0
5393,717.5
5394,708.5
5395,704.875
5396,701.0
5397,688.450012
5398,687.5
5399,680.799988
5400,665.0
5401,662.0
5402,667.400024
5403,682.049988
5404,680.025024
5405,678.200012
5406,673.025024
5407,676.5
5408,670.125
5409,666.5
5410,663.25
5411,662.849976
5412,653.75
5413,650.0
5414,651.974976
5415,668.5
5416,677.950012
5417,683.5
5418,666.349976
5419,667.5
5420,663.125
5421,666.974976
5422,655.599976
5423,670.0
5424,672.549988
5425,663.275024
5426,660.299988
5427,657.950012
5428,680.0
5429,694.549988
5430,695.099976
5431,704.5
5432,703.900024
5433,714.724976
5434,718.0
5435,716.0
5436,719.974976
5437,700.0
5438,696.0
5439,694.099976
5440,695.0
5441,714.724976
5442,724.349976
5443,721.5
5444,747.549988
5445,750.5
5446,749.700012
5447,754.375
5448,760.0
5449,768.5
5450,773.400024
5451,756.299988
5452,769.875
5453,775.0
5454,800.0
5455,812.349976
5456,802.099976
5457,814.0
5458,795.625
5459,800.974976
5460,811.375
5461,805.0
5462,813.424988
5463,831.5
5464,815.799988
5465,809.0
5466,800.75
5467,796.525024
5468,775.474976
5469,780.5
5470,786.0
5471,784.5
5472,782.0
5473,788.5
5474,786.0
5475,782.424988
5476,795.0
5477,789.525024
5478,780.924988
5479,773.775024
5480,787.5
5481,799.924988
5482,807.75
5483,815.0
5484,813.200012
5485,823.0
5486,820.0
5487,821.299988
5488,822.75
5489,824.0
5490,855.7999880000001
5491,842.0
5492,850.0
5493,848.7000119999999
5494,856.099976
5495,847.0
5496,839.900024
5497,815.0
5498,821.700012
5499,825.599976
5500,799.650024
5501,791.75
5502,795.0
5503,799.200012
5504,825.0
5505,824.0
5506,839.0
5507,831.0
5508,845.2999880000001
5509,842.099976
5510,879.2999880000001
5511,879.0
5512,878.0
5513,877.400024
5514,915.7999880000001
5515,912.900024
5516,947.7000119999999
5517,940.099976
5518,940.0
5519,950.0
5520,934.0
5521,944.9500119999999
5522,947.75
5523,952.7999880000001
5524,955.9500119999999
5525,942.5
5526,933.349976
5527,902.5
5528,894.75
5529,900.9500119999999
5530,885.0
5531,875.0
5532,884.5
5533,885.5
5534,918.9500119999999
5535,906.2000119999999
5536,926.7999880000001
5537,937.4500119999999
5538,931.0
5539,950.0
5540,947.25
5541,949.849976
5542,941.849976
5543,941.4500119999999
5544,924.4500119999999
5545,913.5
5546,901.0499880000001
5547,910.0
5548,930.0499880000001
5549,933.849976
5550,922.4500119999999
5551,915.9500119999999
5552,916.900024
5553,919.0
5554,931.0
5555,911.9500119999999
5556,923.599976
5557,925.900024
5558,918.4500119999999
5559,914.650024
5560,924.849976
5561,933.0
5562,925.25
5563,926.5
5564,922.7000119999999
5565,913.0
5566,925.0
5567,918.150024
5568,921.7999880000001
5569,926.099976
5570,928.150024
5571,943.0
5572,941.7999880000001
5573,943.0
5574,950.0
5575,947.7000119999999
5576,926.0
5577,929.0
5578,923.0
5579,948.0
5580,975.0
5581,981.75
5582,967.900024
5583,966.2000119999999
5584,965.7999880000001
5585,950.0
5586,963.25
5587,935.0
5588,894.0
5589,877.0
5590,902.5499880000001
5591,897.900024
5592,889.0
5593,903.0
5594,923.0
5595,937.650024
5596,939.599976
5597,921.0
5598,929.0
5599,930.0
5600,922.0
5601,925.400024
5602,939.0
5603,939.0
5604,945.9500119999999
5605,949.75
5606,943.0
5607,929.0
5608,909.25
5609,897.650024
5610,914.900024
5611,920.0
5612,931.900024
5613,928.7999880000001
5614,925.0
5615,909.0
5616,901.0
5617,893.2999880000001
5618,894.849976
5619,896.0
5620,890.599976
5621,893.9500119999999
5622,907.2000119999999
5623,895.7999880000001
5624,893.0
5625,891.0
5626,904.7000119999999
5627,905.099976
5628,908.0
5629,912.5499880000001
5630,918.400024
5631,921.7999880000001
5632,929.849976
5633,932.7000119999999
5634,934.4500119999999
5635,940.0
5636,945.25
5637,939.099976
5638,938.0
5639,930.0
5640,935.7999880000001
5641,973.650024
5642,973.0
5643,989.7999880000001
5644,982.0
5645,967.0
5646,977.900024
5647,962.849976
5648,958.849976
5649,977.5
5650,965.900024
5651,980.0
5652,981.25
5653,991.9500119999999
5654,983.0499880000001
5655,974.0
5656,959.349976
5657,945.599976
5658,930.75
5659,933.150024
5660,926.0
5661,914.0
5662,916.0
5663,924.900024
5664,921.5
5665,914.849976
5666,921.0
5667,920.0
5668,933.400024
5669,942.7999880000001
5670,947.0
5671,954.900024
5672,966.349976
5673,987.099976
5674,983.400024
5675,1000.0
5676,997.4500119999999
5677,1006.0
5678,1008.7999880000001
5679,1013.900024
5680,996.0
5681,1023.4500119999999
5682,1028.400024
5683,1011.400024
5684,1006.0
5685,978.5
5686,962.0
5687,949.099976
5688,972.349976
5689,965.0
5690,971.7999880000001
5691,997.0
5692,964.75
5693,987.099976
5694,1002.75
5695,1025.0
5696,1044.349976
5697,1080.5
5698,1099.800049
5699,1078.300049
5700,1098.400024
5701,1093.300049
5702,1113.400024
5703,1129.800049
5704,1122.0
5705,1110.0
5706,1110.099976
5707,1119.5
5708,1130.0
5709,1151.0
5710,1190.400024
5711,1191.5
5712,1175.0
5713,1176.699951
5714,1194.900024
5715,1185.0
5716,1221.5
5717,1211.0
5718,1197.550049
5719,1190.0
5720,1203.25
5721,1209.0
5722,1207.900024
5723,1237.25
5724,1246.300049
5725,1265.25
5726,1279.400024
5727,1296.0
5728,1316.300049
5729,1293.599976
5730,1270.0
5731,1245.0
5732,1235.150024
5733,1242.5
5734,1230.150024
5735,1264.900024
5736,1275.0
5737,1259.0
5738,1251.800049
5739,1259.400024
5740,1250.75
5741,1226.0
5742,1224.0
5743,1219.0
5744,1214.449951
5745,1235.5
5746,1239.0
5747,1255.0
5748,1259.900024
5749,1257.699951
5750,1229.5
5751,1189.5
5752,1099.5
5753,1050.0
5754,1121.650024
5755,1093.900024
5756,1064.0
5757,1104.949951
5758,1129.900024
5759,1146.0
5760,1179.0
5761,1100.0
5762,1110.0
5763,1052.75
5764,1074.900024
5765,1036.0
5766,1032.900024
5767,1046.0
5768,1085.5
5769,1059.0
5770,1067.900024
5771,1067.0
5772,1073.449951
5773,1094.0
5774,1115.0
5775,1106.25
5776,1097.699951
5777,1074.0
5778,1105.050049
5779,1096.949951
5780,1097.949951
5781,1132.900024
5782,1145.0
5783,1137.5
5784,1114.5
5785,1109.0
5786,1107.900024
5787,1132.449951
5788,1161.0
5789,1172.300049
5790,1174.900024
5791,1158.0
5792,1143.75
5793,1149.0
5794,1129.449951
5795,1110.0
5796,1066.0
5797,1099.0
5798,1128.0
5799,1103.099976
5800,1115.949951
5801,1123.300049
5802,1141.5
5803,1121.0
5804,1125.0
5805,1100.900024
5806,1085.800049
5807,1107.199951
5808,1125.5
5809,1130.949951
5810,1125.25
5811,1114.5
5812,1107.5
5813,1097.400024
5814,1107.0
5815,1105.099976
5816,1112.0
5817,1107.75
5818,1107.599976
5819,1095.0
5820,1105.0
5821,1135.0
5822,1144.449951
5823,1148.800049
5824,1194.0
5825,1232.849976
5826,1233.300049
5827,1225.0
5828,1250.449951
5829,1250.5
5830,1231.0
5831,1215.0
5832,1202.0
5833,1234.0
5834,1247.0
5835,1292.0
5836,1296.25
5837,1310.25
5838,1284.800049
5839,1275.900024
5840,1251.5
5841,1241.0
5842,1229.75
5843,1250.0
5844,1218.0
5845,1223.849976
5846,1236.0
5847,1244.599976
5848,1236.0
5849,1209.5
5850,1228.050049
5851,1233.75
5852,1237.0
5853,1223.400024
5854,1239.800049
5855,1264.0
5856,1266.050049
5857,1270.050049
5858,1316.900024
5859,1337.0
5860,1349.75
5861,1345.0
5862,1331.0
5863,1360.0
5864,1377.800049
5865,1372.5
5866,1330.599976
5867,1330.300049
5868,1377.949951
5869,1350.25
5870,1370.0
5871,1398.0
5872,1392.75
5873,1379.0
5874,1360.949951
5875,1356.0
5876,1328.900024
5877,1337.949951
5878,1332.949951
5879,1350.0
5880,1345.0
5881,1345.0
5882,1375.0
5883,1360.0
5884,1348.0
5885,1370.300049
5886,1389.099976
5887,1375.0
5888,1396.400024
5889,1392.0
5890,1407.949951
5891,1398.0
5892,1394.800049
5893,1340.0
5894,1288.800049
5895,1265.0
5896,1247.900024
5897,1236.5
5898,1273.0
5899,1259.949951
5900,1267.0
5901,1313.599976
5902,1332.199951
5903,1345.650024
5904,1372.0
5905,1348.0
5906,1337.099976
5907,1319.800049
5908,1321.0
5909,1316.25
5910,1337.900024
5911,1335.0
5912,1357.449951
5913,1361.900024
5914,1325.949951
5915,1320.900024
5916,1321.849976
5917,1334.699951
5918,1330.0
5919,1321.900024
5920,1320.0
5921,1278.900024
5922,1286.900024
5923,1280.0
5924,1295.949951
5925,1272.150024
5926,1258.900024
5927,1291.0
5928,1293.150024
5929,1277.099976
5930,1258.050049
5931,1273.949951
5932,1282.900024
5933,1281.400024
5934,1285.099976
5935,1258.0
5936,1248.949951
5937,1280.050049
5938,1287.0
5939,1283.0
5940,1285.0
5941,1279.949951
5942,1294.300049
5943,1282.0
5944,1268.199951
5945,1251.0
5946,1285.0
5947,1273.5
5948,1264.0
5949,1231.5
5950,1216.900024
5951,1213.949951
5952,1175.75
5953,1163.400024
5954,1175.699951
5955,1167.0
5956,1134.75
5957,1126.5
5958,1108.349976
5959,1161.849976
5960,1233.150024
5961,1304.0
5962,1291.199951
5963,1281.050049
5964,1289.800049
5965,1275.650024
5966,1270.949951
5967,1239.0
5968,1294.0
5969,1285.0
5970,1273.75
5971,1256.449951
5972,1245.5
5973,1242.25
5974,1200.550049
5975,1206.800049
5976,1203.0
5977,1220.650024
5978,1222.5
5979,1235.0
5980,1212.0
5981,1189.0
5982,1211.0
5983,1204.949951
5984,1207.849976
5985,1187.949951
5986,1274.150024
5987,1243.599976
5988,1284.0
5989,1292.0
5990,1292.5
5991,1310.0
5992,1337.0
5993,1286.0
5994,1319.900024
5995,1308.099976
5996,1308.699951
5997,1325.0
5998,1363.699951
5999,1364.949951
6000,1362.5
6001,1369.900024
6002,1375.0
6003,1404.0
6004,1425.0
6005,1416.300049
6006,1401.0
6007,1441.099976
6008,1443.299988
6009,1445.5
6010,1480.0
6011,1484.0
6012,1455.0
6013,1465.900024
6014,1463.099976
6015,1442.699951
6016,1435.0
6017,1449.0
6018,1439.099976
6019,1430.0
6020,1476.0
6021,1465.650024
6022,1472.650024
6023,1467.0
6024,1555.050049
6025,1545.0
6026,1542.099976
6027,1551.150024
6028,1568.099976
6029,1559.949951
6030,1572.650024
6031,1581.949951
6032,1600.0
6033,1592.75
6034,1573.0
6035,1574.0
6036,1553.0
6037,1556.150024
6038,1572.050049
6039,1555.599976
6040,1570.25
6041,1580.0
6042,1592.0
6043,1566.75
6044,1563.0
6045,1573.699951
6046,1615.0
6047,1560.099976
6048,1568.900024
6049,1541.650024
6050,1527.0
6051,1545.949951
6052,1542.0
6053,1518.0
6054,1512.0
6055,1533.0
6056,1520.0
6057,1519.0
6058,1515.0
6059,1538.599976
6060,1551.900024
6061,1545.050049
6062,1540.0
6063,1535.849976
6064,1529.0
6065,1553.5
6066,1609.0
6067,1528.599976
6068,1544.0
6069,1536.5
6070,1527.0
6071,1514.900024
6072,1508.599976
6073,1474.050049
6074,1479.0
6075,1453.0
6076,1369.900024
6077,1400.0
6078,1434.900024
6079,1454.099976
6080,1451.0
6081,1428.0
6082,1447.400024
6083,1456.150024
6084,1477.75
6085,1477.25
6086,1489.0
6087,1475.900024
6088,1479.349976
6089,1497.0
6090,1469.75
6091,1451.400024
6092,1410.0
6093,1388.0
6094,1354.900024
6095,1355.099976
6096,1329.699951
6097,1352.0
6098,1352.199951
6099,1270.0
6100,1240.050049
6101,1108.0
6102,1085.0
6103,998.0
6104,1060.550049
6105,1047.25
6106,1025.300049
6107,920.099976
6108,939.5
6109,916.2000119999999
6110,930.0
6111,963.7999880000001
6112,1095.800049
6113,1095.0
6114,1040.599976
6115,1073.949951
6116,1122.25
6117,1134.449951
6118,1102.099976
6119,1180.0
6120,1214.0
6121,1203.949951
6122,1197.050049
6123,1149.849976
6124,1216.0
6125,1226.0
6126,1210.0
6127,1320.0
6128,1367.349976
6129,1350.150024
6130,1434.0
6131,1450.0
6132,1444.900024
6133,1440.300049
6134,1426.47998
6135,1440.050049
6136,1450.25
6137,1441.339966
6138,1530.48999
6139,1565.160034
6140,1550.109985
6141,1527.0
6142,1469.0
6143,1444.0
6144,1470.0
6145,1457.0
6146,1410.0
6147,1435.0
6148,1451.800049
6149,1448.150024
6150,1431.0
6151,1455.0
6152,1468.0
6153,1480.0
6154,1526.0
6155,1545.0
6156,1544.0
6157,1595.0
6158,1618.400024
6159,1560.300049
6160,1543.099976
6161,1566.0
6162,1500.0
6163,1565.0
6164,1643.0
6165,1608.25
6166,1607.0
6167,1670.0
6168,1773.4000239999998
6169,1750.0
6170,1735.9000239999998
6171,1727.0
6172,1728.800049
6173,1728.050049
6174,1737.0
6175,1720.0
6176,1743.0
6177,1779.800049
6178,1805.0
6179,1860.0
6180,1824.050049
6181,1809.0
6182,1828.5
6183,1903.3499760000002
6184,1934.0
6185,1937.949951
6186,1847.0
6187,1845.0
6188,1917.800049
